CREATE DATABASE  IF NOT EXISTS `swp` /*!40100 DEFAULT CHARACTER SET utf8mb4 COLLATE utf8mb4_0900_ai_ci */ /*!80016 DEFAULT ENCRYPTION='N' */;
USE `swp`;
-- MySQL dump 10.13  Distrib 8.0.34, for Win64 (x86_64)
--
-- Host: 127.0.0.1    Database: swp38
-- ------------------------------------------------------
-- Server version	8.0.35

/*!40101 SET @OLD_CHARACTER_SET_CLIENT=@@CHARACTER_SET_CLIENT */;
/*!40101 SET @OLD_CHARACTER_SET_RESULTS=@@CHARACTER_SET_RESULTS */;
/*!40101 SET @OLD_COLLATION_CONNECTION=@@COLLATION_CONNECTION */;
/*!50503 SET NAMES utf8 */;
/*!40103 SET @OLD_TIME_ZONE=@@TIME_ZONE */;
/*!40103 SET TIME_ZONE='+00:00' */;
/*!40014 SET @OLD_UNIQUE_CHECKS=@@UNIQUE_CHECKS, UNIQUE_CHECKS=0 */;
/*!40014 SET @OLD_FOREIGN_KEY_CHECKS=@@FOREIGN_KEY_CHECKS, FOREIGN_KEY_CHECKS=0 */;
/*!40101 SET @OLD_SQL_MODE=@@SQL_MODE, SQL_MODE='NO_AUTO_VALUE_ON_ZERO' */;
/*!40111 SET @OLD_SQL_NOTES=@@SQL_NOTES, SQL_NOTES=0 */;

--
-- Table structure for table `application`
--

DROP TABLE IF EXISTS application;
/*!40101 SET @saved_cs_client     = @@character_set_client */;
/*!50503 SET character_set_client = utf8mb4 */;
CREATE TABLE application (
  application_id int NOT NULL AUTO_INCREMENT,
  sender_id int NOT NULL,
  type_id int NOT NULL,
  receiver_id int NOT NULL,
  `file` varchar(255) NOT NULL,
  title varchar(255) NOT NULL,
  content text NOT NULL,
  `status` varchar(50) NOT NULL,
  create_date datetime NOT NULL,
  complete_date datetime DEFAULT NULL,
  replyContent varchar(255) DEFAULT NULL,
  PRIMARY KEY (application_id),
  KEY type_id (type_id),
  KEY sender_id (sender_id),
  KEY receiver_id (receiver_id),
  CONSTRAINT application_ibfk_1 FOREIGN KEY (type_id) REFERENCES type_application (type_id),
  CONSTRAINT application_ibfk_2 FOREIGN KEY (sender_id) REFERENCES employee (employee_id),
  CONSTRAINT application_ibfk_3 FOREIGN KEY (receiver_id) REFERENCES employee (employee_id)
) ENGINE=InnoDB AUTO_INCREMENT=3 DEFAULT CHARSET=utf8mb4 COLLATE=utf8mb4_0900_ai_ci;
/*!40101 SET character_set_client = @saved_cs_client */;

--
-- Dumping data for table `application`
--

LOCK TABLES application WRITE;
/*!40000 ALTER TABLE application DISABLE KEYS */;
INSERT INTO application VALUES (1,2,1,3,'','da','da','complete','2024-03-20 13:10:27','2024-03-20 13:19:53','ad'),(2,2,1,3,'','toi da update','toi da update','Pending','2024-03-20 13:22:32',NULL,NULL);
/*!40000 ALTER TABLE application ENABLE KEYS */;
UNLOCK TABLES;

--
-- Table structure for table `attendance`
--

DROP TABLE IF EXISTS attendance;
/*!40101 SET @saved_cs_client     = @@character_set_client */;
/*!50503 SET character_set_client = utf8mb4 */;
CREATE TABLE attendance (
  attendance_id int NOT NULL AUTO_INCREMENT,
  employee_id int NOT NULL,
  image varchar(50) NOT NULL,
  remainDay_id int NOT NULL,
  department_id int DEFAULT NULL,
  `date` date DEFAULT NULL,
  in_time time DEFAULT NULL,
  out_time time DEFAULT NULL,
  notes varchar(120) DEFAULT NULL,
  in_status varchar(120) NOT NULL DEFAULT 'Not yet',
  out_status varchar(120) NOT NULL DEFAULT 'Not yet',
  `status` varchar(11) NOT NULL DEFAULT 'Absent',
  PRIMARY KEY (attendance_id),
  KEY employee_id (employee_id),
  KEY department_id (department_id),
  KEY remainDay_id (remainDay_id),
  CONSTRAINT attendance_ibfk_1 FOREIGN KEY (employee_id) REFERENCES employee (employee_id),
  CONSTRAINT attendance_ibfk_2 FOREIGN KEY (department_id) REFERENCES department (department_id),
  CONSTRAINT attendance_ibfk_3 FOREIGN KEY (remainDay_id) REFERENCES remainday (remainDay_id)
) ENGINE=InnoDB AUTO_INCREMENT=1128 DEFAULT CHARSET=utf8mb4 COLLATE=utf8mb4_0900_ai_ci;
/*!40101 SET character_set_client = @saved_cs_client */;

--
-- Dumping data for table `attendance`
--

LOCK TABLES attendance WRITE;
/*!40000 ALTER TABLE attendance DISABLE KEYS */;
INSERT INTO attendance VALUES (1,1,'van_a.jpg',1,1,'2024-03-01','07:50:00','17:00:00','hehe','Checked In','Checked Out','Present'),(2,2,'thi_b.jpg',2,3,'2024-03-01','07:50:00','17:00:00','','Checked In','Checked Out','Present'),(3,3,'van_c.jpg',3,2,'2024-03-01','07:50:00','17:00:00','hehe','Checked In','Checked Out','Present'),(4,4,'thi_d.jpg',4,3,'2024-03-01','07:50:00','17:00:00','','Checked In','Checked Out','Present'),(5,5,'van_e.jpg',5,1,'2024-03-01','07:50:00','17:00:00','hehehe','Checked In','Checked Out','Present'),(6,1,'van_a.jpg',1,1,'2024-03-02','07:50:00','17:00:00','hehe','Checked In','Checked Out','Present'),(7,2,'thi_b.jpg',2,3,'2024-03-02','07:50:00','17:00:00','','Checked In','Checked Out','Present'),(8,3,'van_c.jpg',3,2,'2024-03-02','07:50:00','17:00:00','hehe','Checked In','Checked Out','Present'),(9,4,'thi_d.jpg',4,3,'2024-03-02','07:50:00','17:00:00','','Checked In','Checked Out','Present'),(10,5,'van_e.jpg',5,1,'2024-03-02','07:50:00','17:00:00','','Checked In','Checked Out','Present'),(11,1,'van_a.jpg',1,1,'2024-03-03','07:50:00','17:00:00','hehe','Checked In','Checked Out','Present'),(12,2,'thi_b.jpg',2,3,'2024-03-03','07:50:00','17:00:00','','Checked In','Checked Out','Present'),(13,3,'van_c.jpg',3,2,'2024-03-03','07:50:00','17:00:00','hehe','Checked In','Checked Out','Present'),(14,4,'thi_d.jpg',4,3,'2024-03-03','07:50:00','17:00:00','','Checked In','Checked Out','Present'),(15,5,'van_e.jpg',5,1,'2024-03-03','07:50:00','17:00:00','hehehe','Checked In','Checked Out','Present'),(16,1,'van_a.jpg',1,1,'2024-03-04','07:50:00','17:00:00','hehe','Checked In','Checked Out','Present'),(17,2,'thi_b.jpg',2,3,'2024-03-04','07:50:00','17:00:00','','Checked In','Checked Out','Present'),(18,3,'van_c.jpg',3,2,'2024-03-04','07:50:00','17:00:00','','Checked In','Checked Out','Present'),(19,4,'thi_d.jpg',4,3,'2024-03-04','07:50:00','16:00:00','','Checked In','Early','Present'),(20,5,'van_e.jpg',5,1,'2024-03-04','07:50:00','17:00:00','hehehe','Checked In','Checked Out','Present'),(21,1,'van_a.jpg',1,1,'2024-03-05','07:50:00','17:00:00','hehe','Checked In','Checked Out','Present'),(22,2,'thi_b.jpg',2,3,'2024-03-05','07:50:00','17:00:00','','Checked In','Checked Out','Present'),(23,3,'van_c.jpg',3,2,'2024-03-05','07:50:00','17:00:00','hehe','Checked In','Checked Out','Present'),(24,4,'thi_d.jpg',4,3,'2024-03-05','07:50:00','17:00:00','','Checked In','Checked Out','Present'),(25,5,'van_e.jpg',5,1,'2024-03-05','07:50:00','17:00:00','','Checked In','Checked Out','Present'),(26,1,'van_a.jpg',1,1,'2024-03-06','07:50:00','17:00:00','hehe','Checked In','Checked Out','Present'),(27,2,'thi_b.jpg',2,3,'2024-03-06','07:50:00','17:00:00','','Checked In','Checked Out','Present'),(28,3,'van_c.jpg',3,2,'2024-03-06','07:50:00','09:00:00','hehe','Checked In','Early','Absent'),(29,4,'thi_d.jpg',4,3,'2024-03-06','07:50:00','17:00:00','','Checked In','Checked Out','Present'),(30,5,'van_e.jpg',5,1,'2024-03-06','07:50:00','17:00:00','hehehe','Checked In','Checked Out','Present'),(31,1,'van_a.jpg',1,1,'2024-03-07','07:50:00','17:00:00','hehe','Checked In','Checked Out','Present'),(32,2,'thi_b.jpg',2,3,'2024-03-07','07:50:00','17:00:00','','Checked In','Checked Out','Present'),(33,3,'van_c.jpg',3,2,'2024-03-07','07:50:00','17:00:00','hehe','Checked In','Checked Out','Present'),(34,4,'thi_d.jpg',4,3,'2024-03-07','07:50:00','17:00:00','','Checked In','Checked Out','Present'),(35,5,'van_e.jpg',5,1,'2024-03-07','07:50:00','17:00:00','hehehe','Checked In','Checked Out','Present'),(36,1,'van_a.jpg',1,1,'2024-03-08','07:50:00','09:00:00','','Checked In','Early','Absent'),(37,2,'thi_b.jpg',2,3,'2024-03-08','07:50:00','17:00:00','','Checked In','Checked Out','Present'),(38,3,'van_c.jpg',3,2,'2024-03-08','07:50:00','17:00:00','hehe','Checked In','Checked Out','Present'),(39,4,'thi_d.jpg',4,3,'2024-03-08','07:50:00','17:00:00','','Checked In','Checked Out','Present'),(40,5,'van_e.jpg',5,1,'2024-03-08','07:50:00','17:00:00','hehehe','Checked In','Checked Out','Present'),(41,1,'van_a.jpg',1,1,'2024-03-09','07:50:00','17:00:00','hehe','Checked In','Checked Out','Present'),(42,2,'thi_b.jpg',2,3,'2024-03-09','07:50:00','17:00:00','','Checked In','Checked Out','Present'),(43,3,'van_c.jpg',3,2,'2024-03-09','07:50:00','17:00:00','hehe','Checked In','Checked Out','Present'),(44,4,'thi_d.jpg',4,3,'2024-03-09','07:50:00','17:00:00','','Checked In','Checked Out','Present'),(45,5,'van_e.jpg',5,1,'2024-03-09','07:50:00','17:00:00','hehehe','Checked In','Checked Out','Present'),(46,1,'van_a.jpg',1,1,'2024-03-10','07:50:00','17:00:00','hehe','Checked In','Checked Out','Present'),(47,2,'thi_b.jpg',2,3,'2024-03-10','07:50:00','17:00:00','','Checked In','Checked Out','Present'),(48,3,'van_c.jpg',3,2,'2024-03-10','07:50:00','17:00:00','hehe','Checked In','Checked Out','Present'),(49,4,'thi_d.jpg',4,3,'2024-03-10','07:50:00','17:00:00','','Checked In','Checked Out','Present'),(50,5,'van_e.jpg',5,1,'2024-03-10','07:50:00','17:00:00','hehehe','Checked In','Checked Out','Present'),(51,1,'van_a.jpg',1,1,'2024-03-11','07:50:00','17:00:00','hehe','Checked In','Checked Out','Present'),(52,2,'thi_b.jpg',2,3,'2024-03-11','07:50:00','12:00:00','','Checked In','Early','Absent'),(53,3,'van_c.jpg',3,2,'2024-03-11','07:50:00','17:00:00','hehe','Checked In','Checked Out','Present'),(54,4,'thi_d.jpg',4,3,'2024-03-11','07:50:00','17:00:00','','Checked In','Checked Out','Present'),(55,5,'van_e.jpg',5,1,'2024-03-11','07:50:00','17:00:00','hehehe','Checked In','Checked Out','Present'),(56,1,'van_a.jpg',1,1,'2024-03-12','07:50:00','17:00:00','hehe','Checked In','Checked Out','Present'),(57,2,'thi_b.jpg',2,3,'2024-03-12','07:50:00','17:00:00','','Checked In','Checked Out','Present'),(58,3,'van_c.jpg',3,2,'2024-03-12','07:50:00','17:00:00','hehe','Checked In','Checked Out','Present'),(59,4,'thi_d.jpg',4,3,'2024-03-12','07:50:00','17:00:00','','Checked In','Checked Out','Present'),(60,5,'van_e.jpg',5,1,'2024-03-12','07:50:00','17:00:00','hehehe','Checked In','Checked Out','Present'),(61,1,'van_a.jpg',1,1,'2024-03-13','07:50:00','17:00:00',NULL,'Checked In','Checked Out','Present'),(62,2,'thi_b.jpg',2,3,'2024-03-13','07:50:00','17:00:00',NULL,'Checked In','Checked Out','Present'),(63,3,'van_c.jpg',3,2,'2024-03-13','07:50:00','17:00:00',NULL,'Checked In','Checked Out','Present'),(64,4,'thi_d.jpg',4,3,'2024-03-13','07:50:00','17:00:00',NULL,'Checked In','Checked Out','Present'),(65,5,'van_e.jpg',5,1,'2024-03-13','07:50:00','17:00:00',NULL,'Checked In','Checked Out','Present'),(66,1,'van_a.jpg',1,1,'2024-03-14','07:50:00','12:54:36','','Checked In','Early','Absent'),(67,2,'thi_b.jpg',2,3,'2024-03-14','07:50:00','13:16:38','f','Checked In','Early','Absent'),(68,3,'van_c.jpg',3,2,'2024-03-14','07:50:00','17:00:00',NULL,'Checked In','Checked Out','Present'),(69,4,'thi_d.jpg',4,3,'2024-03-14','07:50:00','17:00:00',NULL,'Checked In','Checked Out','Present'),(70,5,'van_e.jpg',5,1,'2024-03-14','07:50:00','17:00:00',NULL,'Checked In','Checked Out','Present'),(71,1,'van_a.jpg',1,1,'2024-03-15','07:50:00','17:00:00',NULL,'Checked In','Checked Out','Present'),(72,2,'thi_b.jpg',2,3,'2024-03-15','07:50:00','17:00:00','g','Checked In','Checked Out','Present'),(73,3,'van_c.jpg',3,2,'2024-03-15','07:50:00','17:00:00',NULL,'Checked In','Checked Out','Present'),(74,4,'thi_d.jpg',4,3,'2024-03-15','07:50:00','17:00:00',NULL,'Checked In','Checked Out','Present'),(75,5,'van_e.jpg',5,1,'2024-03-15','07:50:00','17:00:00',NULL,'Checked In','Checked Out','Present'),(76,1,'van_a.jpg',1,1,'2024-03-16','07:50:00','17:00:00',NULL,'Checked In','Checked Out','Present'),(77,2,'thi_b.jpg',2,3,'2024-03-16','07:50:00','17:00:00',NULL,'Checked In','Checked Out','Present'),(78,3,'van_c.jpg',3,2,'2024-03-16','07:50:00','17:00:00',NULL,'Checked In','Checked Out','Present'),(79,4,'thi_d.jpg',4,3,'2024-03-16','07:50:00','17:00:00',NULL,'Checked In','Checked Out','Present'),(80,5,'van_e.jpg',5,1,'2024-03-16','07:50:00','17:00:00',NULL,'Checked In','Checked Out','Present'),(81,1,'van_a.jpg',1,1,'2024-03-27','14:39:00','14:39:01','','Late','Early','Absent'),(82,2,'thi_b.jpg',2,3,'2024-03-27','21:55:23','21:55:27','g','Late','Checked Out','Absent'),(83,3,'van_c.jpg',3,2,'2024-03-27',NULL,NULL,NULL,'Not yet','Not yet','Absent'),(84,4,'thi_d.jpg',4,3,'2024-03-27',NULL,NULL,NULL,'Not yet','Not yet','Absent'),(85,5,'van_e.jpg',5,1,'2024-03-27',NULL,NULL,NULL,'Not yet','Not yet','Absent'),(86,6,'lan_m.jpg',6,4,'2024-03-27',NULL,NULL,NULL,'Not yet','Not yet','Absent'),(87,7,'lan_m.jpg',7,4,'2024-03-27','07:50:00','17:00:00',NULL,'Checked In','Checked Out','Present'),(88,8,'ngoc_nt.jpg',8,1,'2024-03-27',NULL,NULL,NULL,'Not yet','Not yet','Absent'),(89,9,'dung_v.jpg',9,1,'2024-03-27',NULL,NULL,NULL,'Not yet','Not yet','Absent'),(90,10,'thu_t.jpg',10,1,'2024-03-27',NULL,NULL,NULL,'Not yet','Not yet','Absent'),(91,11,'quan_l.jpg',11,5,'2024-03-27',NULL,NULL,NULL,'Not yet','Not yet','Absent'),(92,12,'hoa_d.jpg',12,5,'2024-03-27',NULL,NULL,NULL,'Not yet','Not yet','Absent'),(93,13,'duc_nv.jpg',13,1,'2024-03-27',NULL,NULL,NULL,'Not yet','Not yet','Absent'),(94,14,'mai_ht.jpg',14,2,'2024-03-27',NULL,NULL,NULL,'Not yet','Not yet','Absent'),(95,15,'long_tv.jpg',15,2,'2024-03-27',NULL,NULL,NULL,'Not yet','Not yet','Absent'),(96,16,'hang_lt.jpg',16,2,'2024-03-27',NULL,NULL,NULL,'Not yet','Not yet','Absent'),(97,17,'thinh_pv.jpg',17,2,'2024-03-27',NULL,NULL,NULL,'Not yet','Not yet','Absent'),(98,18,'trang_ntt.jpg',18,3,'2024-03-27',NULL,NULL,NULL,'Not yet','Not yet','Absent'),(99,19,'tu_vv.jpg',19,3,'2024-03-27',NULL,NULL,NULL,'Not yet','Not yet','Absent'),(100,20,'anh_ntk.jpg',20,3,'2024-03-27',NULL,NULL,NULL,'Not yet','Not yet','Absent'),(101,21,'hung_dv.jpg',21,3,'2024-03-27',NULL,NULL,NULL,'Not yet','Not yet','Absent'),(102,22,'hong_tt.jpg',22,4,'2024-03-27',NULL,NULL,NULL,'Not yet','Not yet','Absent'),(103,23,'tuan_lv.jpg',23,4,'2024-03-27',NULL,NULL,NULL,'Not yet','Not yet','Absent'),(104,24,'minh_nv.jpg',24,4,'2024-03-27','22:11:04','22:11:06','','Late','Checked Out','Absent'),(115,1,'van_c.jpg',1,1,'2024-03-20','08:00:00','17:00:00','','Late','Checked Out','Present'),(116,1,'van_c.jpg',1,1,'2024-03-19','08:00:00','17:00:00','','Late','Checked Out','Present'),(117,1,'van_c.jpg',1,1,'2024-03-18','08:00:00','17:00:00','','Late','Checked Out','Present'),(118,1,'van_c.jpg',1,1,'2024-03-17','08:00:00','17:00:00','','Late','Checked Out','Present'),(126,1,'van_c.jpg',1,1,'2024-03-26','08:00:00','17:00:00','','Late','Checked Out','Present'),(127,1,'van_c.jpg',1,1,'2024-03-25','08:00:00','17:00:00','','Late','Checked Out','Present'),(128,1,'van_c.jpg',1,1,'2024-03-24','08:00:00','17:00:00','','Late','Checked Out','Present'),(129,1,'van_c.jpg',1,1,'2024-03-23','08:00:00','17:00:00','','Late','Checked Out','Present'),(130,1,'van_c.jpg',1,1,'2024-03-22','08:00:00','17:00:00','','Late','Checked Out','Present'),(131,1,'van_c.jpg',1,1,'2024-03-21','08:00:00','17:00:00','','Late','Checked Out','Present'),(142,2,'van_c.jpg',1,1,'2024-03-20','08:00:00','17:00:00','','Late','Checked Out','Present'),(143,2,'van_c.jpg',1,1,'2024-03-19','08:00:00','17:00:00','','Late','Checked Out','Present'),(144,2,'van_c.jpg',1,1,'2024-03-18','08:00:00','17:00:00','','Late','Checked Out','Present'),(145,2,'van_c.jpg',1,1,'2024-03-17','08:00:00','17:00:00','','Late','Checked Out','Present'),(153,2,'van_c.jpg',1,1,'2024-03-26','08:00:00','17:00:00','','Late','Checked Out','Present'),(154,2,'van_c.jpg',1,1,'2024-03-25','08:00:00','17:00:00','','Late','Checked Out','Present'),(155,2,'van_c.jpg',1,1,'2024-03-24','08:00:00','17:00:00','','Late','Checked Out','Present'),(156,2,'van_c.jpg',1,1,'2024-03-23','08:00:00','17:00:00','','Late','Checked Out','Present'),(157,2,'van_c.jpg',1,1,'2024-03-22','08:00:00','17:00:00','','Late','Checked Out','Present'),(158,2,'van_c.jpg',1,1,'2024-03-21','08:00:00','17:00:00','','Late','Checked Out','Present'),(169,3,'van_c.jpg',1,1,'2024-03-20','08:00:00','17:00:00','','Late','Checked Out','Present'),(170,3,'van_c.jpg',1,1,'2024-03-19','08:00:00','17:00:00','','Late','Checked Out','Present'),(171,3,'van_c.jpg',1,1,'2024-03-18','08:00:00','17:00:00','','Late','Checked Out','Present'),(172,3,'van_c.jpg',1,1,'2024-03-17','08:00:00','17:00:00','','Late','Checked Out','Present'),(180,3,'van_c.jpg',1,1,'2024-03-26','08:00:00','17:00:00','','Late','Checked Out','Present'),(181,3,'van_c.jpg',1,1,'2024-03-25','08:00:00','17:00:00','','Late','Checked Out','Present'),(182,3,'van_c.jpg',1,1,'2024-03-24','08:00:00','17:00:00','','Late','Checked Out','Present'),(183,3,'van_c.jpg',1,1,'2024-03-23','08:00:00','17:00:00','','Late','Checked Out','Present'),(184,3,'van_c.jpg',1,1,'2024-03-22','08:00:00','17:00:00','','Late','Checked Out','Present'),(185,3,'van_c.jpg',1,1,'2024-03-21','08:00:00','17:00:00','','Late','Checked Out','Present'),(196,4,'thi_d.jpg',1,1,'2024-03-20','08:00:00','17:00:00','','Late','Checked Out','Present'),(197,4,'thi_d.jpg',1,1,'2024-03-19','08:00:00','17:00:00','','Late','Checked Out','Present'),(198,4,'thi_d.jpg',1,1,'2024-03-18','08:00:00','17:00:00','','Late','Checked Out','Present'),(199,4,'thi_d.jpg',1,1,'2024-03-17','08:00:00','17:00:00','','Late','Checked Out','Present'),(207,4,'thi_d.jpg',1,1,'2024-03-26','08:00:00','17:00:00','','Late','Checked Out','Present'),(208,4,'thi_d.jpg',1,1,'2024-03-25','08:00:00','17:00:00','','Late','Checked Out','Present'),(209,4,'thi_d.jpg',1,1,'2024-03-24','08:00:00','17:00:00','','Late','Checked Out','Present'),(210,4,'thi_d.jpg',1,1,'2024-03-23','08:00:00','17:00:00','','Late','Checked Out','Present'),(211,4,'thi_d.jpg',1,1,'2024-03-22','08:00:00','17:00:00','','Late','Checked Out','Present'),(212,4,'thi_d.jpg',1,1,'2024-03-21','08:00:00','17:00:00','','Late','Checked Out','Present'),(223,5,'van_e.jpg',1,1,'2024-03-20','08:00:00','17:00:00','','Late','Checked Out','Present'),(224,5,'van_e.jpg',1,1,'2024-03-19','08:00:00','17:00:00','','Late','Checked Out','Present'),(225,5,'van_e.jpg',1,1,'2024-03-18','08:00:00','17:00:00','','Late','Checked Out','Present'),(226,5,'van_e.jpg',1,1,'2024-03-17','08:00:00','17:00:00','','Late','Checked Out','Present'),(234,5,'van_e.jpg',1,1,'2024-03-26','08:00:00','17:00:00','','Late','Checked Out','Present'),(235,5,'van_e.jpg',1,1,'2024-03-25','08:00:00','17:00:00','','Late','Checked Out','Present'),(236,5,'van_e.jpg',1,1,'2024-03-24','08:00:00','17:00:00','','Late','Checked Out','Present'),(237,5,'van_e.jpg',1,1,'2024-03-23','08:00:00','17:00:00','','Late','Checked Out','Present'),(238,5,'van_e.jpg',1,1,'2024-03-22','08:00:00','17:00:00','','Late','Checked Out','Present'),(239,5,'van_e.jpg',1,1,'2024-03-21','08:00:00','17:00:00','','Late','Checked Out','Present'),(240,6,'lan_m.jpg',1,1,'2024-03-10','08:00:00','17:00:00','','Late','Checked Out','Present'),(241,6,'lan_m.jpg',1,1,'2024-03-09','08:00:00','17:00:00','','Late','Checked Out','Present'),(242,6,'lan_m.jpg',1,1,'2024-03-08','08:00:00','17:00:00','','Late','Checked Out','Present'),(243,6,'lan_m.jpg',1,1,'2024-03-07','08:00:00','17:00:00','','Late','Checked Out','Present'),(244,6,'lan_m.jpg',1,1,'2024-03-06','08:00:00','17:00:00','','Late','Checked Out','Present'),(245,6,'lan_m.jpg',1,1,'2024-03-05','08:00:00','17:00:00','','Late','Checked Out','Present'),(246,6,'lan_m.jpg',1,1,'2024-03-04','08:00:00','17:00:00','','Late','Checked Out','Present'),(247,6,'lan_m.jpg',1,1,'2024-03-03','08:00:00','17:00:00','','Late','Checked Out','Present'),(248,6,'lan_m.jpg',1,1,'2024-03-02','08:00:00','17:00:00','','Late','Checked Out','Present'),(249,6,'lan_m.jpg',1,1,'2024-03-01','08:00:00','17:00:00','','Late','Checked Out','Present'),(250,6,'lan_m.jpg',1,1,'2024-03-20','08:00:00','17:00:00','','Late','Checked Out','Present'),(251,6,'lan_m.jpg',1,1,'2024-03-19','08:00:00','17:00:00','','Late','Checked Out','Present'),(252,6,'lan_m.jpg',1,1,'2024-03-18','08:00:00','17:00:00','','Late','Checked Out','Present'),(253,6,'lan_m.jpg',1,1,'2024-03-17','08:00:00','17:00:00','','Late','Checked Out','Present'),(254,6,'lan_m.jpg',1,1,'2024-03-16','08:00:00','17:00:00','','Late','Checked Out','Present'),(255,6,'lan_m.jpg',1,1,'2024-03-15','08:00:00','17:00:00','','Late','Checked Out','Present'),(256,6,'lan_m.jpg',1,1,'2024-03-14','08:00:00','17:00:00','','Late','Checked Out','Present'),(257,6,'lan_m.jpg',1,1,'2024-03-13','08:00:00','17:00:00','','Late','Checked Out','Present'),(258,6,'lan_m.jpg',1,1,'2024-03-12','08:00:00','17:00:00','','Late','Checked Out','Present'),(259,6,'lan_m.jpg',1,1,'2024-03-11','08:00:00','17:00:00','','Late','Checked Out','Present'),(261,6,'lan_m.jpg',1,1,'2024-03-26','08:00:00','17:00:00','','Late','Checked Out','Present'),(262,6,'lan_m.jpg',1,1,'2024-03-25','08:00:00','17:00:00','','Late','Checked Out','Present'),(263,6,'lan_m.jpg',1,1,'2024-03-24','08:00:00','17:00:00','','Late','Checked Out','Present'),(264,6,'lan_m.jpg',1,1,'2024-03-23','08:00:00','17:00:00','','Late','Checked Out','Present'),(265,6,'lan_m.jpg',1,1,'2024-03-22','08:00:00','17:00:00','','Late','Checked Out','Present'),(266,6,'lan_m.jpg',1,1,'2024-03-21','08:00:00','17:00:00','','Late','Checked Out','Present'),(267,7,'hung_h.jpg',1,1,'2024-03-10','08:00:00','17:00:00','','Late','Checked Out','Present'),(268,7,'hung_h.jpg',1,1,'2024-03-09','08:00:00','17:00:00','','Late','Checked Out','Present'),(269,7,'hung_h.jpg',1,1,'2024-03-08','08:00:00','17:00:00','','Late','Checked Out','Present'),(270,7,'hung_h.jpg',1,1,'2024-03-07','08:00:00','17:00:00','','Late','Checked Out','Present'),(271,7,'hung_h.jpg',1,1,'2024-03-06','08:00:00','17:00:00','','Late','Checked Out','Present'),(272,7,'hung_h.jpg',1,1,'2024-03-05','08:00:00','17:00:00','','Late','Checked Out','Present'),(273,7,'hung_h.jpg',1,1,'2024-03-04','08:00:00','17:00:00','','Late','Checked Out','Present'),(274,7,'hung_h.jpg',1,1,'2024-03-03','08:00:00','17:00:00','','Late','Checked Out','Present'),(275,7,'hung_h.jpg',1,1,'2024-03-02','08:00:00','17:00:00','','Late','Checked Out','Present'),(276,7,'hung_h.jpg',1,1,'2024-03-01','08:00:00','17:00:00','','Late','Checked Out','Present'),(277,7,'hung_h.jpg',1,1,'2024-03-20','08:00:00','17:00:00','','Late','Checked Out','Present'),(278,7,'hung_h.jpg',1,1,'2024-03-19','08:00:00','17:00:00','','Late','Checked Out','Present'),(279,7,'hung_h.jpg',1,1,'2024-03-18','08:00:00','17:00:00','','Late','Checked Out','Present'),(280,7,'hung_h.jpg',1,1,'2024-03-17','08:00:00','17:00:00','','Late','Checked Out','Present'),(281,7,'hung_h.jpg',1,1,'2024-03-16','08:00:00','17:00:00','','Late','Checked Out','Present'),(282,7,'hung_h.jpg',1,1,'2024-03-15','08:00:00','17:00:00','','Late','Checked Out','Present'),(283,7,'hung_h.jpg',1,1,'2024-03-14','08:00:00','17:00:00','','Late','Checked Out','Present'),(284,7,'hung_h.jpg',1,1,'2024-03-13','08:00:00','17:00:00','','Late','Checked Out','Present'),(285,7,'hung_h.jpg',1,1,'2024-03-12','08:00:00','17:00:00','','Late','Checked Out','Present'),(286,7,'hung_h.jpg',1,1,'2024-03-11','08:00:00','17:00:00','','Late','Checked Out','Present'),(288,7,'hung_h.jpg',1,1,'2024-03-26','08:00:00','17:00:00','','Late','Checked Out','Present'),(289,7,'hung_h.jpg',1,1,'2024-03-25','08:00:00','17:00:00','','Late','Checked Out','Present'),(290,7,'hung_h.jpg',1,1,'2024-03-24','08:00:00','17:00:00','','Late','Checked Out','Present'),(291,7,'hung_h.jpg',1,1,'2024-03-23','08:00:00','17:00:00','','Late','Checked Out','Present'),(292,7,'hung_h.jpg',1,1,'2024-03-22','08:00:00','17:00:00','','Late','Checked Out','Present'),(293,7,'hung_h.jpg',1,1,'2024-03-21','08:00:00','17:00:00','','Late','Checked Out','Present'),(294,8,'ngoc_nt.jpg',1,1,'2024-03-10','08:00:00','17:00:00','','Late','Checked Out','Present'),(295,8,'ngoc_nt.jpg',1,1,'2024-03-09','08:00:00','17:00:00','','Late','Checked Out','Present'),(296,8,'ngoc_nt.jpg',1,1,'2024-03-08','08:00:00','17:00:00','','Late','Checked Out','Present'),(297,8,'ngoc_nt.jpg',1,1,'2024-03-07','08:00:00','17:00:00','','Late','Checked Out','Present'),(298,8,'ngoc_nt.jpg',1,1,'2024-03-06','08:00:00','17:00:00','','Late','Checked Out','Present'),(299,8,'ngoc_nt.jpg',1,1,'2024-03-05','08:00:00','17:00:00','','Late','Checked Out','Present'),(300,8,'ngoc_nt.jpg',1,1,'2024-03-04','08:00:00','17:00:00','','Late','Checked Out','Present'),(301,8,'ngoc_nt.jpg',1,1,'2024-03-03','08:00:00','17:00:00','','Late','Checked Out','Present'),(302,8,'ngoc_nt.jpg',1,1,'2024-03-02','08:00:00','17:00:00','','Late','Checked Out','Present'),(303,8,'ngoc_nt.jpg',1,1,'2024-03-01','08:00:00','17:00:00','','Late','Checked Out','Present'),(304,8,'ngoc_nt.jpg',1,1,'2024-03-20','08:00:00','17:00:00','','Late','Checked Out','Present'),(305,8,'ngoc_nt.jpg',1,1,'2024-03-19','08:00:00','17:00:00','','Late','Checked Out','Present'),(306,8,'ngoc_nt.jpg',1,1,'2024-03-18','08:00:00','17:00:00','','Late','Checked Out','Present'),(307,8,'ngoc_nt.jpg',1,1,'2024-03-17','08:00:00','17:00:00','','Late','Checked Out','Present'),(308,8,'ngoc_nt.jpg',1,1,'2024-03-16','08:00:00','17:00:00','','Late','Checked Out','Present'),(309,8,'ngoc_nt.jpg',1,1,'2024-03-15','08:00:00','17:00:00','','Late','Checked Out','Present'),(310,8,'ngoc_nt.jpg',1,1,'2024-03-14','08:00:00','17:00:00','','Late','Checked Out','Present'),(311,8,'ngoc_nt.jpg',1,1,'2024-03-13','08:00:00','17:00:00','','Late','Checked Out','Present'),(312,8,'ngoc_nt.jpg',1,1,'2024-03-12','08:00:00','17:00:00','','Late','Checked Out','Present'),(313,8,'ngoc_nt.jpg',1,1,'2024-03-11','08:00:00','17:00:00','','Late','Checked Out','Present'),(315,8,'ngoc_nt.jpg',1,1,'2024-03-26','08:00:00','17:00:00','','Late','Checked Out','Present'),(316,8,'ngoc_nt.jpg',1,1,'2024-03-25','08:00:00','17:00:00','','Late','Checked Out','Present'),(317,8,'ngoc_nt.jpg',1,1,'2024-03-24','08:00:00','17:00:00','','Late','Checked Out','Present'),(318,8,'ngoc_nt.jpg',1,1,'2024-03-23','08:00:00','17:00:00','','Late','Checked Out','Present'),(319,8,'ngoc_nt.jpg',1,1,'2024-03-22','08:00:00','17:00:00','','Late','Checked Out','Present'),(320,8,'ngoc_nt.jpg',1,1,'2024-03-21','08:00:00','17:00:00','','Late','Checked Out','Present'),(321,9,'dung_v.jpg',1,1,'2024-03-10','08:00:00','17:00:00','','Late','Checked Out','Present'),(322,9,'dung_v.jpg',1,1,'2024-03-09','08:00:00','17:00:00','','Late','Checked Out','Present'),(323,9,'dung_v.jpg',1,1,'2024-03-08','08:00:00','17:00:00','','Late','Checked Out','Present'),(324,9,'dung_v.jpg',1,1,'2024-03-07','08:00:00','17:00:00','','Late','Checked Out','Present'),(325,9,'dung_v.jpg',1,1,'2024-03-06','08:00:00','17:00:00','','Late','Checked Out','Present'),(326,9,'dung_v.jpg',1,1,'2024-03-05','08:00:00','17:00:00','','Late','Checked Out','Present'),(327,9,'dung_v.jpg',1,1,'2024-03-04','08:00:00','17:00:00','','Late','Checked Out','Present'),(328,9,'dung_v.jpg',1,1,'2024-03-03','08:00:00','17:00:00','','Late','Checked Out','Present'),(329,9,'dung_v.jpg',1,1,'2024-03-02','08:00:00','17:00:00','','Late','Checked Out','Present'),(330,9,'dung_v.jpg',1,1,'2024-03-01','08:00:00','17:00:00','','Late','Checked Out','Present'),(331,9,'dung_v.jpg',1,1,'2024-03-20','08:00:00','17:00:00','','Late','Checked Out','Present'),(332,9,'dung_v.jpg',1,1,'2024-03-19','08:00:00','17:00:00','','Late','Checked Out','Present'),(333,9,'dung_v.jpg',1,1,'2024-03-18','08:00:00','17:00:00','','Late','Checked Out','Present'),(334,9,'dung_v.jpg',1,1,'2024-03-17','08:00:00','17:00:00','','Late','Checked Out','Present'),(335,9,'dung_v.jpg',1,1,'2024-03-16','08:00:00','17:00:00','','Late','Checked Out','Present'),(336,9,'dung_v.jpg',1,1,'2024-03-15','08:00:00','17:00:00','','Late','Checked Out','Present'),(337,9,'dung_v.jpg',1,1,'2024-03-14','08:00:00','17:00:00','','Late','Checked Out','Present'),(338,9,'dung_v.jpg',1,1,'2024-03-13','08:00:00','17:00:00','','Late','Checked Out','Present'),(339,9,'dung_v.jpg',1,1,'2024-03-12','08:00:00','17:00:00','','Late','Checked Out','Present'),(340,9,'dung_v.jpg',1,1,'2024-03-11','08:00:00','17:00:00','','Late','Checked Out','Present'),(342,9,'dung_v.jpg',1,1,'2024-03-26','08:00:00','17:00:00','','Late','Checked Out','Present'),(343,9,'dung_v.jpg',1,1,'2024-03-25','08:00:00','17:00:00','','Late','Checked Out','Present'),(344,9,'dung_v.jpg',1,1,'2024-03-24','08:00:00','17:00:00','','Late','Checked Out','Present'),(345,9,'dung_v.jpg',1,1,'2024-03-23','08:00:00','17:00:00','','Late','Checked Out','Present'),(346,9,'dung_v.jpg',1,1,'2024-03-22','08:00:00','17:00:00','','Late','Checked Out','Present'),(347,9,'dung_v.jpg',1,1,'2024-03-21','08:00:00','17:00:00','','Late','Checked Out','Present'),(348,10,'thu_t.jpg',1,1,'2024-03-10','08:00:00','17:00:00','','Late','Checked Out','Present'),(349,10,'thu_t.jpg',1,1,'2024-03-09','08:00:00','17:00:00','','Late','Checked Out','Present'),(350,10,'thu_t.jpg',1,1,'2024-03-08','08:00:00','17:00:00','','Late','Checked Out','Present'),(351,10,'thu_t.jpg',1,1,'2024-03-07','08:00:00','17:00:00','','Late','Checked Out','Present'),(352,10,'thu_t.jpg',1,1,'2024-03-06','08:00:00','17:00:00','','Late','Checked Out','Present'),(353,10,'thu_t.jpg',1,1,'2024-03-05','08:00:00','17:00:00','','Late','Checked Out','Present'),(354,10,'thu_t.jpg',1,1,'2024-03-04','08:00:00','17:00:00','','Late','Checked Out','Present'),(355,10,'thu_t.jpg',1,1,'2024-03-03','08:00:00','17:00:00','','Late','Checked Out','Present'),(356,10,'thu_t.jpg',1,1,'2024-03-02','08:00:00','17:00:00','','Late','Checked Out','Present'),(357,10,'thu_t.jpg',1,1,'2024-03-01','08:00:00','17:00:00','','Late','Checked Out','Present'),(358,10,'thu_t.jpg',1,1,'2024-03-20','08:00:00','17:00:00','','Late','Checked Out','Present'),(359,10,'thu_t.jpg',1,1,'2024-03-19','08:00:00','17:00:00','','Late','Checked Out','Present'),(360,10,'thu_t.jpg',1,1,'2024-03-18','08:00:00','17:00:00','','Late','Checked Out','Present'),(361,10,'thu_t.jpg',1,1,'2024-03-17','08:00:00','17:00:00','','Late','Checked Out','Present'),(362,10,'thu_t.jpg',1,1,'2024-03-16','08:00:00','17:00:00','','Late','Checked Out','Present'),(363,10,'thu_t.jpg',1,1,'2024-03-15','08:00:00','17:00:00','','Late','Checked Out','Present'),(364,10,'thu_t.jpg',1,1,'2024-03-14','08:00:00','17:00:00','','Late','Checked Out','Present'),(365,10,'thu_t.jpg',1,1,'2024-03-13','08:00:00','17:00:00','','Late','Checked Out','Present'),(366,10,'thu_t.jpg',1,1,'2024-03-12','08:00:00','17:00:00','','Late','Checked Out','Present'),(367,10,'thu_t.jpg',1,1,'2024-03-11','08:00:00','17:00:00','','Late','Checked Out','Present'),(369,10,'thu_t.jpg',1,1,'2024-03-26','08:00:00','17:00:00','','Late','Checked Out','Present'),(370,10,'thu_t.jpg',1,1,'2024-03-25','08:00:00','17:00:00','','Late','Checked Out','Present'),(371,10,'thu_t.jpg',1,1,'2024-03-24','08:00:00','17:00:00','','Late','Checked Out','Present'),(372,10,'thu_t.jpg',1,1,'2024-03-23','08:00:00','17:00:00','','Late','Checked Out','Present'),(373,10,'thu_t.jpg',1,1,'2024-03-22','08:00:00','17:00:00','','Late','Checked Out','Present'),(374,10,'thu_t.jpg',1,1,'2024-03-21','08:00:00','17:00:00','','Late','Checked Out','Present'),(375,11,'quan_l.jpg',1,1,'2024-03-10','08:00:00','17:00:00','','Late','Checked Out','Present'),(376,11,'quan_l.jpg',1,1,'2024-03-09','08:00:00','17:00:00','','Late','Checked Out','Present'),(377,11,'quan_l.jpg',1,1,'2024-03-08','08:00:00','17:00:00','','Late','Checked Out','Present'),(378,11,'quan_l.jpg',1,1,'2024-03-07','08:00:00','17:00:00','','Late','Checked Out','Present'),(379,11,'quan_l.jpg',1,1,'2024-03-06','08:00:00','17:00:00','','Late','Checked Out','Present'),(380,11,'quan_l.jpg',1,1,'2024-03-05','08:00:00','17:00:00','','Late','Checked Out','Present'),(381,11,'quan_l.jpg',1,1,'2024-03-04','08:00:00','17:00:00','','Late','Checked Out','Present'),(382,11,'quan_l.jpg',1,1,'2024-03-03','08:00:00','17:00:00','','Late','Checked Out','Present'),(383,11,'quan_l.jpg',1,1,'2024-03-02','08:00:00','17:00:00','','Late','Checked Out','Present'),(384,11,'quan_l.jpg',1,1,'2024-03-01','08:00:00','17:00:00','','Late','Checked Out','Present'),(385,11,'quan_l.jpg',1,1,'2024-03-20','08:00:00','17:00:00','','Late','Checked Out','Present'),(386,11,'quan_l.jpg',1,1,'2024-03-19','08:00:00','17:00:00','','Late','Checked Out','Present'),(387,11,'quan_l.jpg',1,1,'2024-03-18','08:00:00','17:00:00','','Late','Checked Out','Present'),(388,11,'quan_l.jpg',1,1,'2024-03-17','08:00:00','17:00:00','','Late','Checked Out','Present'),(389,11,'quan_l.jpg',1,1,'2024-03-16','08:00:00','17:00:00','','Late','Checked Out','Present'),(390,11,'quan_l.jpg',1,1,'2024-03-15','08:00:00','17:00:00','','Late','Checked Out','Present'),(391,11,'quan_l.jpg',1,1,'2024-03-14','08:00:00','17:00:00','','Late','Checked Out','Present'),(392,11,'quan_l.jpg',1,1,'2024-03-13','08:00:00','17:00:00','','Late','Checked Out','Present'),(393,11,'quan_l.jpg',1,1,'2024-03-12','08:00:00','17:00:00','','Late','Checked Out','Present'),(394,11,'quan_l.jpg',1,1,'2024-03-11','08:00:00','17:00:00','','Late','Checked Out','Present'),(396,11,'quan_l.jpg',1,1,'2024-03-26','08:00:00','17:00:00','','Late','Checked Out','Present'),(397,11,'quan_l.jpg',1,1,'2024-03-25','08:00:00','17:00:00','','Late','Checked Out','Present'),(398,11,'quan_l.jpg',1,1,'2024-03-24','08:00:00','17:00:00','','Late','Checked Out','Present'),(399,11,'quan_l.jpg',1,1,'2024-03-23','08:00:00','17:00:00','','Late','Checked Out','Present'),(400,11,'quan_l.jpg',1,1,'2024-03-22','08:00:00','17:00:00','','Late','Checked Out','Present'),(401,11,'quan_l.jpg',1,1,'2024-03-21','08:00:00','17:00:00','','Late','Checked Out','Present'),(402,12,'hoa_d.jpg',1,1,'2024-03-10','08:00:00','17:00:00','','Late','Checked Out','Present'),(403,12,'hoa_d.jpg',1,1,'2024-03-09','08:00:00','17:00:00','','Late','Checked Out','Present'),(404,12,'hoa_d.jpg',1,1,'2024-03-08','08:00:00','17:00:00','','Late','Checked Out','Present'),(405,12,'hoa_d.jpg',1,1,'2024-03-07','08:00:00','17:00:00','','Late','Checked Out','Present'),(406,12,'hoa_d.jpg',1,1,'2024-03-06','08:00:00','17:00:00','','Late','Checked Out','Present'),(407,12,'hoa_d.jpg',1,1,'2024-03-05','08:00:00','17:00:00','','Late','Checked Out','Present'),(408,12,'hoa_d.jpg',1,1,'2024-03-04','08:00:00','17:00:00','','Late','Checked Out','Present'),(409,12,'hoa_d.jpg',1,1,'2024-03-03','08:00:00','17:00:00','','Late','Checked Out','Present'),(410,12,'hoa_d.jpg',1,1,'2024-03-02','08:00:00','17:00:00','','Late','Checked Out','Present'),(411,12,'hoa_d.jpg',1,1,'2024-03-01','08:00:00','17:00:00','','Late','Checked Out','Present'),(412,12,'hoa_d.jpg',1,1,'2024-03-20','08:00:00','17:00:00','','Late','Checked Out','Present'),(413,12,'hoa_d.jpg',1,1,'2024-03-19','08:00:00','17:00:00','','Late','Checked Out','Present'),(414,12,'hoa_d.jpg',1,1,'2024-03-18','08:00:00','17:00:00','','Late','Checked Out','Present'),(415,12,'hoa_d.jpg',1,1,'2024-03-17','08:00:00','17:00:00','','Late','Checked Out','Present'),(416,12,'hoa_d.jpg',1,1,'2024-03-16','08:00:00','17:00:00','','Late','Checked Out','Present'),(417,12,'hoa_d.jpg',1,1,'2024-03-15','08:00:00','17:00:00','','Late','Checked Out','Present'),(418,12,'hoa_d.jpg',1,1,'2024-03-14','08:00:00','17:00:00','','Late','Checked Out','Present'),(419,12,'hoa_d.jpg',1,1,'2024-03-13','08:00:00','17:00:00','','Late','Checked Out','Present'),(420,12,'hoa_d.jpg',1,1,'2024-03-12','08:00:00','17:00:00','','Late','Checked Out','Present'),(421,12,'hoa_d.jpg',1,1,'2024-03-11','08:00:00','17:00:00','','Late','Checked Out','Present'),(423,12,'hoa_d.jpg',1,1,'2024-03-26','08:00:00','17:00:00','','Late','Checked Out','Present'),(424,12,'hoa_d.jpg',1,1,'2024-03-25','08:00:00','17:00:00','','Late','Checked Out','Present'),(425,12,'hoa_d.jpg',1,1,'2024-03-24','08:00:00','17:00:00','','Late','Checked Out','Present'),(426,12,'hoa_d.jpg',1,1,'2024-03-23','08:00:00','17:00:00','','Late','Checked Out','Present'),(427,12,'hoa_d.jpg',1,1,'2024-03-22','08:00:00','17:00:00','','Late','Checked Out','Present'),(428,12,'hoa_d.jpg',1,1,'2024-03-21','08:00:00','17:00:00','','Late','Checked Out','Present'),(429,13,'duc_nv.jpg',1,1,'2024-03-10','08:00:00','17:00:00','','Late','Checked Out','Present'),(430,13,'duc_nv.jpg',1,1,'2024-03-09','08:00:00','17:00:00','','Late','Checked Out','Present'),(431,13,'duc_nv.jpg',1,1,'2024-03-08','08:00:00','17:00:00','','Late','Checked Out','Present'),(432,13,'duc_nv.jpg',1,1,'2024-03-07','08:00:00','17:00:00','','Late','Checked Out','Present'),(433,13,'duc_nv.jpg',1,1,'2024-03-06','08:00:00','17:00:00','','Late','Checked Out','Present'),(434,13,'duc_nv.jpg',1,1,'2024-03-05','08:00:00','17:00:00','','Late','Checked Out','Present'),(435,13,'duc_nv.jpg',1,1,'2024-03-04','08:00:00','17:00:00','','Late','Checked Out','Present'),(436,13,'duc_nv.jpg',1,1,'2024-03-03','08:00:00','17:00:00','','Late','Checked Out','Present'),(437,13,'duc_nv.jpg',1,1,'2024-03-02','08:00:00','17:00:00','','Late','Checked Out','Present'),(438,13,'duc_nv.jpg',1,1,'2024-03-01','08:00:00','17:00:00','','Late','Checked Out','Present'),(439,13,'duc_nv.jpg',1,1,'2024-03-20','08:00:00','17:00:00','','Late','Checked Out','Present'),(440,13,'duc_nv.jpg',1,1,'2024-03-19','08:00:00','17:00:00','','Late','Checked Out','Present'),(441,13,'duc_nv.jpg',1,1,'2024-03-18','08:00:00','17:00:00','','Late','Checked Out','Present'),(442,13,'duc_nv.jpg',1,1,'2024-03-17','08:00:00','17:00:00','','Late','Checked Out','Present'),(443,13,'duc_nv.jpg',1,1,'2024-03-16','08:00:00','17:00:00','','Late','Checked Out','Present'),(444,13,'duc_nv.jpg',1,1,'2024-03-15','08:00:00','17:00:00','','Late','Checked Out','Present'),(445,13,'duc_nv.jpg',1,1,'2024-03-14','08:00:00','17:00:00','','Late','Checked Out','Present'),(446,13,'duc_nv.jpg',1,1,'2024-03-13','08:00:00','17:00:00','','Late','Checked Out','Present'),(447,13,'duc_nv.jpg',1,1,'2024-03-12','08:00:00','17:00:00','','Late','Checked Out','Present'),(448,13,'duc_nv.jpg',1,1,'2024-03-11','08:00:00','17:00:00','','Late','Checked Out','Present'),(450,13,'duc_nv.jpg',1,1,'2024-03-26','08:00:00','17:00:00','','Late','Checked Out','Present'),(451,13,'duc_nv.jpg',1,1,'2024-03-25','08:00:00','17:00:00','','Late','Checked Out','Present'),(452,13,'duc_nv.jpg',1,1,'2024-03-24','08:00:00','17:00:00','','Late','Checked Out','Present'),(453,13,'duc_nv.jpg',1,1,'2024-03-23','08:00:00','17:00:00','','Late','Checked Out','Present'),(454,13,'duc_nv.jpg',1,1,'2024-03-22','08:00:00','17:00:00','','Late','Checked Out','Present'),(455,13,'duc_nv.jpg',1,1,'2024-03-21','08:00:00','17:00:00','','Late','Checked Out','Present'),(456,14,'mai_ht.jpg',1,1,'2024-03-10','08:00:00','17:00:00','','Late','Checked Out','Present'),(457,14,'mai_ht.jpg',1,1,'2024-03-09','08:00:00','17:00:00','','Late','Checked Out','Present'),(458,14,'mai_ht.jpg',1,1,'2024-03-08','08:00:00','17:00:00','','Late','Checked Out','Present'),(459,14,'mai_ht.jpg',1,1,'2024-03-07','08:00:00','17:00:00','','Late','Checked Out','Present'),(460,14,'mai_ht.jpg',1,1,'2024-03-06','08:00:00','17:00:00','','Late','Checked Out','Present'),(461,14,'mai_ht.jpg',1,1,'2024-03-05','08:00:00','17:00:00','','Late','Checked Out','Present'),(462,14,'mai_ht.jpg',1,1,'2024-03-04','08:00:00','17:00:00','','Late','Checked Out','Present'),(463,14,'mai_ht.jpg',1,1,'2024-03-03','08:00:00','17:00:00','','Late','Checked Out','Present'),(464,14,'mai_ht.jpg',1,1,'2024-03-02','08:00:00','17:00:00','','Late','Checked Out','Present'),(465,14,'mai_ht.jpg',1,1,'2024-03-01','08:00:00','17:00:00','','Late','Checked Out','Present'),(466,14,'mai_ht.jpg',1,1,'2024-03-20','08:00:00','17:00:00','','Late','Checked Out','Present'),(467,14,'mai_ht.jpg',1,1,'2024-03-19','08:00:00','17:00:00','','Late','Checked Out','Present'),(468,14,'mai_ht.jpg',1,1,'2024-03-18','08:00:00','17:00:00','','Late','Checked Out','Present'),(469,14,'mai_ht.jpg',1,1,'2024-03-17','08:00:00','17:00:00','','Late','Checked Out','Present'),(470,14,'mai_ht.jpg',1,1,'2024-03-16','08:00:00','17:00:00','','Late','Checked Out','Present'),(471,14,'mai_ht.jpg',1,1,'2024-03-15','08:00:00','17:00:00','','Late','Checked Out','Present'),(472,14,'mai_ht.jpg',1,1,'2024-03-14','08:00:00','17:00:00','','Late','Checked Out','Present'),(473,14,'mai_ht.jpg',1,1,'2024-03-13','08:00:00','17:00:00','','Late','Checked Out','Present'),(474,14,'mai_ht.jpg',1,1,'2024-03-12','08:00:00','17:00:00','','Late','Checked Out','Present'),(475,14,'mai_ht.jpg',1,1,'2024-03-11','08:00:00','17:00:00','','Late','Checked Out','Present'),(477,14,'mai_ht.jpg',1,1,'2024-03-26','08:00:00','17:00:00','','Late','Checked Out','Present'),(478,14,'mai_ht.jpg',1,1,'2024-03-25','08:00:00','17:00:00','','Late','Checked Out','Present'),(479,14,'mai_ht.jpg',1,1,'2024-03-24','08:00:00','17:00:00','','Late','Checked Out','Present'),(480,14,'mai_ht.jpg',1,1,'2024-03-23','08:00:00','17:00:00','','Late','Checked Out','Present'),(481,14,'mai_ht.jpg',1,1,'2024-03-22','08:00:00','17:00:00','','Late','Checked Out','Present'),(482,14,'mai_ht.jpg',1,1,'2024-03-21','08:00:00','17:00:00','','Late','Checked Out','Present'),(483,15,'long_tv.jpg',1,1,'2024-03-10','08:00:00','17:00:00','','Late','Checked Out','Present'),(484,15,'long_tv.jpg',1,1,'2024-03-09','08:00:00','17:00:00','','Late','Checked Out','Present'),(485,15,'long_tv.jpg',1,1,'2024-03-08','08:00:00','17:00:00','','Late','Checked Out','Present'),(486,15,'long_tv.jpg',1,1,'2024-03-07','08:00:00','17:00:00','','Late','Checked Out','Present'),(487,15,'long_tv.jpg',1,1,'2024-03-06','08:00:00','17:00:00','','Late','Checked Out','Present'),(488,15,'long_tv.jpg',1,1,'2024-03-05','08:00:00','17:00:00','','Late','Checked Out','Present'),(489,15,'long_tv.jpg',1,1,'2024-03-04','08:00:00','17:00:00','','Late','Checked Out','Present'),(490,15,'long_tv.jpg',1,1,'2024-03-03','08:00:00','17:00:00','','Late','Checked Out','Present'),(491,15,'long_tv.jpg',1,1,'2024-03-02','08:00:00','17:00:00','','Late','Checked Out','Present'),(492,15,'long_tv.jpg',1,1,'2024-03-01','08:00:00','17:00:00','','Late','Checked Out','Present'),(493,15,'long_tv.jpg',1,1,'2024-03-20','08:00:00','17:00:00','','Late','Checked Out','Present'),(494,15,'long_tv.jpg',1,1,'2024-03-19','08:00:00','17:00:00','','Late','Checked Out','Present'),(495,15,'long_tv.jpg',1,1,'2024-03-18','08:00:00','17:00:00','','Late','Checked Out','Present'),(496,15,'long_tv.jpg',1,1,'2024-03-17','08:00:00','17:00:00','','Late','Checked Out','Present'),(497,15,'long_tv.jpg',1,1,'2024-03-16','08:00:00','17:00:00','','Late','Checked Out','Present'),(498,15,'long_tv.jpg',1,1,'2024-03-15','08:00:00','17:00:00','','Late','Checked Out','Present'),(499,15,'long_tv.jpg',1,1,'2024-03-14','08:00:00','17:00:00','','Late','Checked Out','Present'),(500,15,'long_tv.jpg',1,1,'2024-03-13','08:00:00','17:00:00','','Late','Checked Out','Present'),(501,15,'long_tv.jpg',1,1,'2024-03-12','08:00:00','17:00:00','','Late','Checked Out','Present'),(502,15,'long_tv.jpg',1,1,'2024-03-11','08:00:00','17:00:00','','Late','Checked Out','Present'),(504,15,'long_tv.jpg',1,1,'2024-03-26','08:00:00','17:00:00','','Late','Checked Out','Present'),(505,15,'long_tv.jpg',1,1,'2024-03-25','08:00:00','17:00:00','','Late','Checked Out','Present'),(506,15,'long_tv.jpg',1,1,'2024-03-24','08:00:00','17:00:00','','Late','Checked Out','Present'),(507,15,'long_tv.jpg',1,1,'2024-03-23','08:00:00','17:00:00','','Late','Checked Out','Present'),(508,15,'long_tv.jpg',1,1,'2024-03-22','08:00:00','17:00:00','','Late','Checked Out','Present'),(509,15,'long_tv.jpg',1,1,'2024-03-21','08:00:00','17:00:00','','Late','Checked Out','Present'),(510,16,'hang_lt.jpg',1,1,'2024-03-10','08:00:00','17:00:00','','Late','Checked Out','Present'),(511,16,'hang_lt.jpg',1,1,'2024-03-09','08:00:00','17:00:00','','Late','Checked Out','Present'),(512,16,'hang_lt.jpg',1,1,'2024-03-08','08:00:00','17:00:00','','Late','Checked Out','Present'),(513,16,'hang_lt.jpg',1,1,'2024-03-07','08:00:00','17:00:00','','Late','Checked Out','Present'),(514,16,'hang_lt.jpg',1,1,'2024-03-06','08:00:00','17:00:00','','Late','Checked Out','Present'),(515,16,'hang_lt.jpg',1,1,'2024-03-05','08:00:00','17:00:00','','Late','Checked Out','Present'),(516,16,'hang_lt.jpg',1,1,'2024-03-04','08:00:00','17:00:00','','Late','Checked Out','Present'),(517,16,'hang_lt.jpg',1,1,'2024-03-03','08:00:00','17:00:00','','Late','Checked Out','Present'),(518,16,'hang_lt.jpg',1,1,'2024-03-02','08:00:00','17:00:00','','Late','Checked Out','Present'),(519,16,'hang_lt.jpg',1,1,'2024-03-01','08:00:00','17:00:00','','Late','Checked Out','Present'),(520,16,'hang_lt.jpg',1,1,'2024-03-20','08:00:00','17:00:00','','Late','Checked Out','Present'),(521,16,'hang_lt.jpg',1,1,'2024-03-19','08:00:00','17:00:00','','Late','Checked Out','Present'),(522,16,'hang_lt.jpg',1,1,'2024-03-18','08:00:00','17:00:00','','Late','Checked Out','Present'),(523,16,'hang_lt.jpg',1,1,'2024-03-17','08:00:00','17:00:00','','Late','Checked Out','Present'),(524,16,'hang_lt.jpg',1,1,'2024-03-16','08:00:00','17:00:00','','Late','Checked Out','Present'),(525,16,'hang_lt.jpg',1,1,'2024-03-15','08:00:00','17:00:00','','Late','Checked Out','Present'),(526,16,'hang_lt.jpg',1,1,'2024-03-14','08:00:00','17:00:00','','Late','Checked Out','Present'),(527,16,'hang_lt.jpg',1,1,'2024-03-13','08:00:00','17:00:00','','Late','Checked Out','Present'),(528,16,'hang_lt.jpg',1,1,'2024-03-12','08:00:00','17:00:00','','Late','Checked Out','Present'),(529,16,'hang_lt.jpg',1,1,'2024-03-11','08:00:00','17:00:00','','Late','Checked Out','Present'),(531,16,'hang_lt.jpg',1,1,'2024-03-26','08:00:00','17:00:00','','Late','Checked Out','Present'),(532,16,'hang_lt.jpg',1,1,'2024-03-25','08:00:00','17:00:00','','Late','Checked Out','Present'),(533,16,'hang_lt.jpg',1,1,'2024-03-24','08:00:00','17:00:00','','Late','Checked Out','Present'),(534,16,'hang_lt.jpg',1,1,'2024-03-23','08:00:00','17:00:00','','Late','Checked Out','Present'),(535,16,'hang_lt.jpg',1,1,'2024-03-22','08:00:00','17:00:00','','Late','Checked Out','Present'),(536,16,'hang_lt.jpg',1,1,'2024-03-21','08:00:00','17:00:00','','Late','Checked Out','Present'),(537,17,'thinh_pv.jpg',1,1,'2024-03-10','08:00:00','17:00:00','','Late','Checked Out','Present'),(538,17,'thinh_pv.jpg',1,1,'2024-03-09','08:00:00','17:00:00','','Late','Checked Out','Present'),(539,17,'thinh_pv.jpg',1,1,'2024-03-08','08:00:00','17:00:00','','Late','Checked Out','Present'),(540,17,'thinh_pv.jpg',1,1,'2024-03-07','08:00:00','17:00:00','','Late','Checked Out','Present'),(541,17,'thinh_pv.jpg',1,1,'2024-03-06','08:00:00','17:00:00','','Late','Checked Out','Present'),(542,17,'thinh_pv.jpg',1,1,'2024-03-05','08:00:00','17:00:00','','Late','Checked Out','Present'),(543,17,'thinh_pv.jpg',1,1,'2024-03-04','08:00:00','17:00:00','','Late','Checked Out','Present'),(544,17,'thinh_pv.jpg',1,1,'2024-03-03','08:00:00','17:00:00','','Late','Checked Out','Present'),(545,17,'thinh_pv.jpg',1,1,'2024-03-02','08:00:00','17:00:00','','Late','Checked Out','Present'),(546,17,'thinh_pv.jpg',1,1,'2024-03-01','08:00:00','17:00:00','','Late','Checked Out','Present'),(547,17,'thinh_pv.jpg',1,1,'2024-03-20','08:00:00','17:00:00','','Late','Checked Out','Present'),(548,17,'thinh_pv.jpg',1,1,'2024-03-19','08:00:00','17:00:00','','Late','Checked Out','Present'),(549,17,'thinh_pv.jpg',1,1,'2024-03-18','08:00:00','17:00:00','','Late','Checked Out','Present'),(550,17,'thinh_pv.jpg',1,1,'2024-03-17','08:00:00','17:00:00','','Late','Checked Out','Present'),(551,17,'thinh_pv.jpg',1,1,'2024-03-16','08:00:00','17:00:00','','Late','Checked Out','Present'),(552,17,'thinh_pv.jpg',1,1,'2024-03-15','08:00:00','17:00:00','','Late','Checked Out','Present'),(553,17,'thinh_pv.jpg',1,1,'2024-03-14','08:00:00','17:00:00','','Late','Checked Out','Present'),(554,17,'thinh_pv.jpg',1,1,'2024-03-13','08:00:00','17:00:00','','Late','Checked Out','Present'),(555,17,'thinh_pv.jpg',1,1,'2024-03-12','08:00:00','17:00:00','','Late','Checked Out','Present'),(556,17,'thinh_pv.jpg',1,1,'2024-03-11','08:00:00','17:00:00','','Late','Checked Out','Present'),(558,17,'thinh_pv.jpg',1,1,'2024-03-26','08:00:00','17:00:00','','Late','Checked Out','Present'),(559,17,'thinh_pv.jpg',1,1,'2024-03-25','08:00:00','17:00:00','','Late','Checked Out','Present'),(560,17,'thinh_pv.jpg',1,1,'2024-03-24','08:00:00','17:00:00','','Late','Checked Out','Present'),(561,17,'thinh_pv.jpg',1,1,'2024-03-23','08:00:00','17:00:00','','Late','Checked Out','Present'),(562,17,'thinh_pv.jpg',1,1,'2024-03-22','08:00:00','17:00:00','','Late','Checked Out','Present'),(563,17,'thinh_pv.jpg',1,1,'2024-03-21','08:00:00','17:00:00','','Late','Checked Out','Present'),(564,18,'trang_ntt.jpg',1,1,'2024-03-10','08:00:00','17:00:00','','Late','Checked Out','Present'),(565,18,'trang_ntt.jpg',1,1,'2024-03-09','08:00:00','17:00:00','','Late','Checked Out','Present'),(566,18,'trang_ntt.jpg',1,1,'2024-03-08','08:00:00','17:00:00','','Late','Checked Out','Present'),(567,18,'trang_ntt.jpg',1,1,'2024-03-07','08:00:00','17:00:00','','Late','Checked Out','Present'),(568,18,'trang_ntt.jpg',1,1,'2024-03-06','08:00:00','17:00:00','','Late','Checked Out','Present'),(569,18,'trang_ntt.jpg',1,1,'2024-03-05','08:00:00','17:00:00','','Late','Checked Out','Present'),(570,18,'trang_ntt.jpg',1,1,'2024-03-04','08:00:00','17:00:00','','Late','Checked Out','Present'),(571,18,'trang_ntt.jpg',1,1,'2024-03-03','08:00:00','17:00:00','','Late','Checked Out','Present'),(572,18,'trang_ntt.jpg',1,1,'2024-03-02','08:00:00','17:00:00','','Late','Checked Out','Present'),(573,18,'trang_ntt.jpg',1,1,'2024-03-01','08:00:00','17:00:00','','Late','Checked Out','Present'),(574,18,'trang_ntt.jpg',1,1,'2024-03-20','08:00:00','17:00:00','','Late','Checked Out','Present'),(575,18,'trang_ntt.jpg',1,1,'2024-03-19','08:00:00','17:00:00','','Late','Checked Out','Present'),(576,18,'trang_ntt.jpg',1,1,'2024-03-18','08:00:00','17:00:00','','Late','Checked Out','Present'),(577,18,'trang_ntt.jpg',1,1,'2024-03-17','08:00:00','17:00:00','','Late','Checked Out','Present'),(578,18,'trang_ntt.jpg',1,1,'2024-03-16','08:00:00','17:00:00','','Late','Checked Out','Present'),(579,18,'trang_ntt.jpg',1,1,'2024-03-15','08:00:00','17:00:00','','Late','Checked Out','Present'),(580,18,'trang_ntt.jpg',1,1,'2024-03-14','08:00:00','17:00:00','','Late','Checked Out','Present'),(581,18,'trang_ntt.jpg',1,1,'2024-03-13','08:00:00','17:00:00','','Late','Checked Out','Present'),(582,18,'trang_ntt.jpg',1,1,'2024-03-12','08:00:00','17:00:00','','Late','Checked Out','Present'),(583,18,'trang_ntt.jpg',1,1,'2024-03-11','08:00:00','17:00:00','','Late','Checked Out','Present'),(585,18,'trang_ntt.jpg',1,1,'2024-03-26','08:00:00','17:00:00','','Late','Checked Out','Present'),(586,18,'trang_ntt.jpg',1,1,'2024-03-25','08:00:00','17:00:00','','Late','Checked Out','Present'),(587,18,'trang_ntt.jpg',1,1,'2024-03-24','08:00:00','17:00:00','','Late','Checked Out','Present'),(588,18,'trang_ntt.jpg',1,1,'2024-03-23','08:00:00','17:00:00','','Late','Checked Out','Present'),(589,18,'trang_ntt.jpg',1,1,'2024-03-22','08:00:00','17:00:00','','Late','Checked Out','Present'),(590,18,'trang_ntt.jpg',1,1,'2024-03-21','08:00:00','17:00:00','','Late','Checked Out','Present'),(591,19,'tu_vv.jpg',1,1,'2024-03-10','08:00:00','17:00:00','','Late','Checked Out','Present'),(592,19,'tu_vv.jpg',1,1,'2024-03-09','08:00:00','17:00:00','','Late','Checked Out','Present'),(593,19,'tu_vv.jpg',1,1,'2024-03-08','08:00:00','17:00:00','','Late','Checked Out','Present'),(594,19,'tu_vv.jpg',1,1,'2024-03-07','08:00:00','17:00:00','','Late','Checked Out','Present'),(595,19,'tu_vv.jpg',1,1,'2024-03-06','08:00:00','17:00:00','','Late','Checked Out','Present'),(596,19,'tu_vv.jpg',1,1,'2024-03-05','08:00:00','17:00:00','','Late','Checked Out','Present'),(597,19,'tu_vv.jpg',1,1,'2024-03-04','08:00:00','17:00:00','','Late','Checked Out','Present'),(598,19,'tu_vv.jpg',1,1,'2024-03-03','08:00:00','17:00:00','','Late','Checked Out','Present'),(599,19,'tu_vv.jpg',1,1,'2024-03-02','08:00:00','17:00:00','','Late','Checked Out','Present'),(600,19,'tu_vv.jpg',1,1,'2024-03-01','08:00:00','17:00:00','','Late','Checked Out','Present'),(601,19,'tu_vv.jpg',1,1,'2024-03-20','08:00:00','17:00:00','','Late','Checked Out','Present'),(602,19,'tu_vv.jpg',1,1,'2024-03-19','08:00:00','17:00:00','','Late','Checked Out','Present'),(603,19,'tu_vv.jpg',1,1,'2024-03-18','08:00:00','17:00:00','','Late','Checked Out','Present'),(604,19,'tu_vv.jpg',1,1,'2024-03-17','08:00:00','17:00:00','','Late','Checked Out','Present'),(605,19,'tu_vv.jpg',1,1,'2024-03-16','08:00:00','17:00:00','','Late','Checked Out','Present'),(606,19,'tu_vv.jpg',1,1,'2024-03-15','08:00:00','17:00:00','','Late','Checked Out','Present'),(607,19,'tu_vv.jpg',1,1,'2024-03-14','08:00:00','17:00:00','','Late','Checked Out','Present'),(608,19,'tu_vv.jpg',1,1,'2024-03-13','08:00:00','17:00:00','','Late','Checked Out','Present'),(609,19,'tu_vv.jpg',1,1,'2024-03-12','08:00:00','17:00:00','','Late','Checked Out','Present'),(610,19,'tu_vv.jpg',1,1,'2024-03-11','08:00:00','17:00:00','','Late','Checked Out','Present'),(612,19,'tu_vv.jpg',1,1,'2024-03-26','08:00:00','17:00:00','','Late','Checked Out','Present'),(613,19,'tu_vv.jpg',1,1,'2024-03-25','08:00:00','17:00:00','','Late','Checked Out','Present'),(614,19,'tu_vv.jpg',1,1,'2024-03-24','08:00:00','17:00:00','','Late','Checked Out','Present'),(615,19,'tu_vv.jpg',1,1,'2024-03-23','08:00:00','17:00:00','','Late','Checked Out','Present'),(616,19,'tu_vv.jpg',1,1,'2024-03-22','08:00:00','17:00:00','','Late','Checked Out','Present'),(617,19,'tu_vv.jpg',1,1,'2024-03-21','08:00:00','17:00:00','','Late','Checked Out','Present'),(618,20,'anh_ntk.jpg',1,1,'2024-03-10','08:00:00','17:00:00','','Late','Checked Out','Present'),(619,20,'anh_ntk.jpg',1,1,'2024-03-09','08:00:00','17:00:00','','Late','Checked Out','Present'),(620,20,'anh_ntk.jpg',1,1,'2024-03-08','08:00:00','17:00:00','','Late','Checked Out','Present'),(621,20,'anh_ntk.jpg',1,1,'2024-03-07','08:00:00','17:00:00','','Late','Checked Out','Present'),(622,20,'anh_ntk.jpg',1,1,'2024-03-06','08:00:00','17:00:00','','Late','Checked Out','Present'),(623,20,'anh_ntk.jpg',1,1,'2024-03-05','08:00:00','17:00:00','','Late','Checked Out','Present'),(624,20,'anh_ntk.jpg',1,1,'2024-03-04','08:00:00','17:00:00','','Late','Checked Out','Present'),(625,20,'anh_ntk.jpg',1,1,'2024-03-03','08:00:00','17:00:00','','Late','Checked Out','Present'),(626,20,'anh_ntk.jpg',1,1,'2024-03-02','08:00:00','17:00:00','','Late','Checked Out','Present'),(627,20,'anh_ntk.jpg',1,1,'2024-03-01','08:00:00','17:00:00','','Late','Checked Out','Present'),(628,20,'anh_ntk.jpg',1,1,'2024-03-20','08:00:00','17:00:00','','Late','Checked Out','Present'),(629,20,'anh_ntk.jpg',1,1,'2024-03-19','08:00:00','17:00:00','','Late','Checked Out','Present'),(630,20,'anh_ntk.jpg',1,1,'2024-03-18','08:00:00','17:00:00','','Late','Checked Out','Present'),(631,20,'anh_ntk.jpg',1,1,'2024-03-17','08:00:00','17:00:00','','Late','Checked Out','Present'),(632,20,'anh_ntk.jpg',1,1,'2024-03-16','08:00:00','17:00:00','','Late','Checked Out','Present'),(633,20,'anh_ntk.jpg',1,1,'2024-03-15','08:00:00','17:00:00','','Late','Checked Out','Present'),(634,20,'anh_ntk.jpg',1,1,'2024-03-14','08:00:00','17:00:00','','Late','Checked Out','Present'),(635,20,'anh_ntk.jpg',1,1,'2024-03-13','08:00:00','17:00:00','','Late','Checked Out','Present'),(636,20,'anh_ntk.jpg',1,1,'2024-03-12','08:00:00','17:00:00','','Late','Checked Out','Present'),(637,20,'anh_ntk.jpg',1,1,'2024-03-11','08:00:00','17:00:00','','Late','Checked Out','Present'),(639,20,'anh_ntk.jpg',1,1,'2024-03-26','08:00:00','17:00:00','','Late','Checked Out','Present'),(640,20,'anh_ntk.jpg',1,1,'2024-03-25','08:00:00','17:00:00','','Late','Checked Out','Present'),(641,20,'anh_ntk.jpg',1,1,'2024-03-24','08:00:00','17:00:00','','Late','Checked Out','Present'),(642,20,'anh_ntk.jpg',1,1,'2024-03-23','08:00:00','17:00:00','','Late','Checked Out','Present'),(643,20,'anh_ntk.jpg',1,1,'2024-03-22','08:00:00','17:00:00','','Late','Checked Out','Present'),(644,20,'anh_ntk.jpg',1,1,'2024-03-21','08:00:00','17:00:00','','Late','Checked Out','Present'),(645,21,'hung_dv.jpg',1,1,'2024-03-10','08:00:00','17:00:00','','Late','Checked Out','Present'),(646,21,'hung_dv.jpg',1,1,'2024-03-09','08:00:00','17:00:00','','Late','Checked Out','Present'),(647,21,'hung_dv.jpg',1,1,'2024-03-08','08:00:00','17:00:00','','Late','Checked Out','Present'),(648,21,'hung_dv.jpg',1,1,'2024-03-07','08:00:00','17:00:00','','Late','Checked Out','Present'),(649,21,'hung_dv.jpg',1,1,'2024-03-06','08:00:00','17:00:00','','Late','Checked Out','Present'),(650,21,'hung_dv.jpg',1,1,'2024-03-05','08:00:00','17:00:00','','Late','Checked Out','Present'),(651,21,'hung_dv.jpg',1,1,'2024-03-04','08:00:00','17:00:00','','Late','Checked Out','Present'),(652,21,'hung_dv.jpg',1,1,'2024-03-03','08:00:00','17:00:00','','Late','Checked Out','Present'),(653,21,'hung_dv.jpg',1,1,'2024-03-02','08:00:00','17:00:00','','Late','Checked Out','Present'),(654,21,'hung_dv.jpg',1,1,'2024-03-01','08:00:00','17:00:00','','Late','Checked Out','Present'),(655,21,'hung_dv.jpg',1,1,'2024-03-20','08:00:00','17:00:00','','Late','Checked Out','Present'),(656,21,'hung_dv.jpg',1,1,'2024-03-19','08:00:00','17:00:00','','Late','Checked Out','Present'),(657,21,'hung_dv.jpg',1,1,'2024-03-18','08:00:00','17:00:00','','Late','Checked Out','Present'),(658,21,'hung_dv.jpg',1,1,'2024-03-17','08:00:00','17:00:00','','Late','Checked Out','Present'),(659,21,'hung_dv.jpg',1,1,'2024-03-16','08:00:00','17:00:00','','Late','Checked Out','Present'),(660,21,'hung_dv.jpg',1,1,'2024-03-15','08:00:00','17:00:00','','Late','Checked Out','Present'),(661,21,'hung_dv.jpg',1,1,'2024-03-14','08:00:00','17:00:00','','Late','Checked Out','Present'),(662,21,'hung_dv.jpg',1,1,'2024-03-13','08:00:00','17:00:00','','Late','Checked Out','Present'),(663,21,'hung_dv.jpg',1,1,'2024-03-12','08:00:00','17:00:00','','Late','Checked Out','Present'),(664,21,'hung_dv.jpg',1,1,'2024-03-11','08:00:00','17:00:00','','Late','Checked Out','Present'),(666,21,'hung_dv.jpg',1,1,'2024-03-26','08:00:00','17:00:00','','Late','Checked Out','Present'),(667,21,'hung_dv.jpg',1,1,'2024-03-25','08:00:00','17:00:00','','Late','Checked Out','Present'),(668,21,'hung_dv.jpg',1,1,'2024-03-24','08:00:00','17:00:00','','Late','Checked Out','Present'),(669,21,'hung_dv.jpg',1,1,'2024-03-23','08:00:00','17:00:00','','Late','Checked Out','Present'),(670,21,'hung_dv.jpg',1,1,'2024-03-22','08:00:00','17:00:00','','Late','Checked Out','Present'),(671,21,'hung_dv.jpg',1,1,'2024-03-21','08:00:00','17:00:00','','Late','Checked Out','Present'),(672,22,'hong_tt.jpg',1,1,'2024-03-10','08:00:00','17:00:00','','Late','Checked Out','Present'),(673,22,'hong_tt.jpg',1,1,'2024-03-09','08:00:00','17:00:00','','Late','Checked Out','Present'),(674,22,'hong_tt.jpg',1,1,'2024-03-08','08:00:00','17:00:00','','Late','Checked Out','Present'),(675,22,'hong_tt.jpg',1,1,'2024-03-07','08:00:00','17:00:00','','Late','Checked Out','Present'),(676,22,'hong_tt.jpg',1,1,'2024-03-06','08:00:00','17:00:00','','Late','Checked Out','Present'),(677,22,'hong_tt.jpg',1,1,'2024-03-05','08:00:00','17:00:00','','Late','Checked Out','Present'),(678,22,'hong_tt.jpg',1,1,'2024-03-04','08:00:00','17:00:00','','Late','Checked Out','Present'),(679,22,'hong_tt.jpg',1,1,'2024-03-03','08:00:00','17:00:00','','Late','Checked Out','Present'),(680,22,'hong_tt.jpg',1,1,'2024-03-02','08:00:00','17:00:00','','Late','Checked Out','Present'),(681,22,'hong_tt.jpg',1,1,'2024-03-01','08:00:00','17:00:00','','Late','Checked Out','Present'),(682,22,'hong_tt.jpg',1,1,'2024-03-20','08:00:00','17:00:00','','Late','Checked Out','Present'),(683,22,'hong_tt.jpg',1,1,'2024-03-19','08:00:00','17:00:00','','Late','Checked Out','Present'),(684,22,'hong_tt.jpg',1,1,'2024-03-18','08:00:00','17:00:00','','Late','Checked Out','Present'),(685,22,'hong_tt.jpg',1,1,'2024-03-17','08:00:00','17:00:00','','Late','Checked Out','Present'),(686,22,'hong_tt.jpg',1,1,'2024-03-16','08:00:00','17:00:00','','Late','Checked Out','Present'),(687,22,'hong_tt.jpg',1,1,'2024-03-15','08:00:00','17:00:00','','Late','Checked Out','Present'),(688,22,'hong_tt.jpg',1,1,'2024-03-14','08:00:00','17:00:00','','Late','Checked Out','Present'),(689,22,'hong_tt.jpg',1,1,'2024-03-13','08:00:00','17:00:00','','Late','Checked Out','Present'),(690,22,'hong_tt.jpg',1,1,'2024-03-12','08:00:00','17:00:00','','Late','Checked Out','Present'),(691,22,'hong_tt.jpg',1,1,'2024-03-11','08:00:00','17:00:00','','Late','Checked Out','Present'),(693,22,'hong_tt.jpg',1,1,'2024-03-26','08:00:00','17:00:00','','Late','Checked Out','Present'),(694,22,'hong_tt.jpg',1,1,'2024-03-25','08:00:00','17:00:00','','Late','Checked Out','Present'),(695,22,'hong_tt.jpg',1,1,'2024-03-24','08:00:00','17:00:00','','Late','Checked Out','Present'),(696,22,'hong_tt.jpg',1,1,'2024-03-23','08:00:00','17:00:00','','Late','Checked Out','Present'),(697,22,'hong_tt.jpg',1,1,'2024-03-22','08:00:00','17:00:00','','Late','Checked Out','Present'),(698,22,'hong_tt.jpg',1,1,'2024-03-21','08:00:00','17:00:00','','Late','Checked Out','Present'),(699,23,'tuan_lv.jpg',1,1,'2024-03-10','08:00:00','17:00:00','','Late','Checked Out','Present'),(700,23,'tuan_lv.jpg',1,1,'2024-03-09','08:00:00','17:00:00','','Late','Checked Out','Present'),(701,23,'tuan_lv.jpg',1,1,'2024-03-08','08:00:00','17:00:00','','Late','Checked Out','Present'),(702,23,'tuan_lv.jpg',1,1,'2024-03-07','08:00:00','17:00:00','','Late','Checked Out','Present'),(703,23,'tuan_lv.jpg',1,1,'2024-03-06','08:00:00','17:00:00','','Late','Checked Out','Present'),(704,23,'tuan_lv.jpg',1,1,'2024-03-05','08:00:00','17:00:00','','Late','Checked Out','Present'),(705,23,'tuan_lv.jpg',1,1,'2024-03-04','08:00:00','17:00:00','','Late','Checked Out','Present'),(706,23,'tuan_lv.jpg',1,1,'2024-03-03','08:00:00','17:00:00','','Late','Checked Out','Present'),(707,23,'tuan_lv.jpg',1,1,'2024-03-02','08:00:00','17:00:00','','Late','Checked Out','Present'),(708,23,'tuan_lv.jpg',1,1,'2024-03-01','08:00:00','17:00:00','','Late','Checked Out','Present'),(709,23,'tuan_lv.jpg',1,1,'2024-03-20','08:00:00','17:00:00','','Late','Checked Out','Present'),(710,23,'tuan_lv.jpg',1,1,'2024-03-19','08:00:00','17:00:00','','Late','Checked Out','Present'),(711,23,'tuan_lv.jpg',1,1,'2024-03-18','08:00:00','17:00:00','','Late','Checked Out','Present'),(712,23,'tuan_lv.jpg',1,1,'2024-03-17','08:00:00','17:00:00','','Late','Checked Out','Present'),(713,23,'tuan_lv.jpg',1,1,'2024-03-16','08:00:00','17:00:00','','Late','Checked Out','Present'),(714,23,'tuan_lv.jpg',1,1,'2024-03-15','08:00:00','17:00:00','','Late','Checked Out','Present'),(715,23,'tuan_lv.jpg',1,1,'2024-03-14','08:00:00','17:00:00','','Late','Checked Out','Present'),(716,23,'tuan_lv.jpg',1,1,'2024-03-13','08:00:00','17:00:00','','Late','Checked Out','Present'),(717,23,'tuan_lv.jpg',1,1,'2024-03-12','08:00:00','17:00:00','','Late','Checked Out','Present'),(718,23,'tuan_lv.jpg',1,1,'2024-03-11','08:00:00','17:00:00','','Late','Checked Out','Present'),(720,23,'tuan_lv.jpg',1,1,'2024-03-26','08:00:00','17:00:00','','Late','Checked Out','Present'),(721,23,'tuan_lv.jpg',1,1,'2024-03-25','08:00:00','17:00:00','','Late','Checked Out','Present'),(722,23,'tuan_lv.jpg',1,1,'2024-03-24','08:00:00','17:00:00','','Late','Checked Out','Present'),(723,23,'tuan_lv.jpg',1,1,'2024-03-23','08:00:00','17:00:00','','Late','Checked Out','Present'),(724,23,'tuan_lv.jpg',1,1,'2024-03-22','08:00:00','17:00:00','','Late','Checked Out','Present'),(725,23,'tuan_lv.jpg',1,1,'2024-03-21','08:00:00','17:00:00','','Late','Checked Out','Present'),(726,24,'minh_nv.jpg',1,1,'2024-03-10','08:00:00','17:00:00','','Late','Checked Out','Present'),(727,24,'minh_nv.jpg',1,1,'2024-03-09','08:00:00','17:00:00','','Late','Checked Out','Present'),(728,24,'minh_nv.jpg',1,1,'2024-03-08','08:00:00','17:00:00','','Late','Checked Out','Present'),(729,24,'minh_nv.jpg',1,1,'2024-03-07','08:00:00','17:00:00','','Late','Checked Out','Present'),(730,24,'minh_nv.jpg',1,1,'2024-03-06','08:00:00','17:00:00','','Late','Checked Out','Present'),(731,24,'minh_nv.jpg',1,1,'2024-03-05','08:00:00','17:00:00','','Late','Checked Out','Present'),(732,24,'minh_nv.jpg',1,1,'2024-03-04','08:00:00','17:00:00','','Late','Checked Out','Present'),(733,24,'minh_nv.jpg',1,1,'2024-03-03','08:00:00','17:00:00','','Late','Checked Out','Present'),(734,24,'minh_nv.jpg',1,1,'2024-03-02','08:00:00','17:00:00','','Late','Checked Out','Present'),(735,24,'minh_nv.jpg',1,1,'2024-03-01','08:00:00','17:00:00','','Late','Checked Out','Present'),(736,24,'minh_nv.jpg',1,1,'2024-03-20','08:00:00','17:00:00','','Late','Checked Out','Present'),(737,24,'minh_nv.jpg',1,1,'2024-03-19','08:00:00','17:00:00','','Late','Checked Out','Present'),(738,24,'minh_nv.jpg',1,1,'2024-03-18','08:00:00','17:00:00','','Late','Checked Out','Present'),(739,24,'minh_nv.jpg',1,1,'2024-03-17','08:00:00','17:00:00','','Late','Checked Out','Present'),(740,24,'minh_nv.jpg',1,1,'2024-03-16','08:00:00','17:00:00','','Late','Checked Out','Present'),(741,24,'minh_nv.jpg',1,1,'2024-03-15','08:00:00','17:00:00','','Late','Checked Out','Present'),(742,24,'minh_nv.jpg',1,1,'2024-03-14','08:00:00','17:00:00','','Late','Checked Out','Present'),(743,24,'minh_nv.jpg',1,1,'2024-03-13','08:00:00','17:00:00','','Late','Checked Out','Present'),(744,24,'minh_nv.jpg',1,1,'2024-03-12','08:00:00','17:00:00','','Late','Checked Out','Present'),(745,24,'minh_nv.jpg',1,1,'2024-03-11','08:00:00','17:00:00','','Late','Checked Out','Present'),(747,24,'minh_nv.jpg',1,1,'2024-03-26','08:00:00','17:00:00','','Late','Checked Out','Present'),(748,24,'minh_nv.jpg',1,1,'2024-03-25','08:00:00','17:00:00','','Late','Checked Out','Present'),(749,24,'minh_nv.jpg',1,1,'2024-03-24','08:00:00','17:00:00','','Late','Checked Out','Present'),(750,24,'minh_nv.jpg',1,1,'2024-03-23','08:00:00','17:00:00','','Late','Checked Out','Present'),(751,24,'minh_nv.jpg',1,1,'2024-03-22','08:00:00','17:00:00','','Late','Checked Out','Present'),(752,24,'minh_nv.jpg',1,1,'2024-03-21','08:00:00','17:00:00','','Late','Checked Out','Present');
/*!40000 ALTER TABLE attendance ENABLE KEYS */;
UNLOCK TABLES;
/*!50003 SET @saved_cs_client      = @@character_set_client */ ;
/*!50003 SET @saved_cs_results     = @@character_set_results */ ;
/*!50003 SET @saved_col_connection = @@collation_connection */ ;
/*!50003 SET character_set_client  = utf8mb3 */ ;
/*!50003 SET character_set_results = utf8mb3 */ ;
/*!50003 SET collation_connection  = utf8mb3_general_ci */ ;
/*!50003 SET @saved_sql_mode       = @@sql_mode */ ;
/*!50003 SET sql_mode              = 'NO_AUTO_VALUE_ON_ZERO' */ ;
DELIMITER ;;
/*!50003 CREATE*/ /*!50017 DEFINER=root@localhost*/ /*!50003 TRIGGER update_attendance_status_insert BEFORE INSERT ON attendance FOR EACH ROW BEGIN
    IF NEW.in_time IS NOT NULL THEN
        IF NEW.in_time < (SELECT intime_config FROM config WHERE config_id = 1) THEN
            SET NEW.in_status = 'Checked In';
        ELSE
            SET NEW.in_status = 'Late';
        END IF;
    END IF;
    
    IF NEW.out_time IS NOT NULL THEN
        IF NEW.out_time < (SELECT outtime_config FROM config WHERE config_id = 1) THEN
            SET NEW.out_status = 'Early';
        ELSE
            SET NEW.out_status = 'Checked Out';
        END IF;
    END IF;
    
    IF NEW.in_time IS NOT NULL AND NEW.out_time IS NOT NULL AND TIMEDIFF(NEW.out_time, NEW.in_time) < '07:00:00' THEN
    SET NEW.status = 'Absent';
ELSEIF NEW.in_time IS NULL AND NEW.out_time IS NULL THEN
    SET NEW.status = 'Absent';
    ELSEIF NEW.in_time IS NOT NULL AND NEW.out_time IS NULL THEN
    SET NEW.status = 'Absent';
ELSE
    SET NEW.status = 'Present';
END IF;

    
    -- Check if the status is Absent after 17:00 and update remainDay and leaveDays accordingly
    IF TIME(NOW()) > '17:00:00' AND NEW.status = 'Absent' THEN
        UPDATE remainday
        SET remainDay = remainDay - 1, leaveDays = leaveDays + 1
        WHERE employee_id = NEW.employee_id;
    END IF;
END */;;
DELIMITER ;
/*!50003 SET sql_mode              = @saved_sql_mode */ ;
/*!50003 SET character_set_client  = @saved_cs_client */ ;
/*!50003 SET character_set_results = @saved_cs_results */ ;
/*!50003 SET collation_connection  = @saved_col_connection */ ;
/*!50003 SET @saved_cs_client      = @@character_set_client */ ;
/*!50003 SET @saved_cs_results     = @@character_set_results */ ;
/*!50003 SET @saved_col_connection = @@collation_connection */ ;
/*!50003 SET character_set_client  = utf8mb4 */ ;
/*!50003 SET character_set_results = utf8mb4 */ ;
/*!50003 SET collation_connection  = utf8mb4_0900_ai_ci */ ;
/*!50003 SET @saved_sql_mode       = @@sql_mode */ ;
/*!50003 SET sql_mode              = 'ONLY_FULL_GROUP_BY,STRICT_TRANS_TABLES,NO_ZERO_IN_DATE,NO_ZERO_DATE,ERROR_FOR_DIVISION_BY_ZERO,NO_ENGINE_SUBSTITUTION' */ ;
DELIMITER ;;
/*!50003 CREATE*/ /*!50017 DEFINER=root@localhost*/ /*!50003 TRIGGER update_attendance_status_update BEFORE UPDATE ON attendance FOR EACH ROW BEGIN
    IF NEW.in_time IS NOT NULL THEN
    IF NEW.in_time <= (SELECT intime_config FROM config WHERE config_id = 1) THEN
        SET NEW.in_status = 'Checked In';
    ELSE
        SET NEW.in_status = 'Late';
    END IF;
ELSE
    SET NEW.in_status = 'Not Yet';
END IF;

IF NEW.out_time IS NOT NULL THEN
    IF NEW.out_time < (SELECT outtime_config FROM config WHERE config_id = 1) THEN
        SET NEW.out_status = 'Early';
    ELSE
        SET NEW.out_status = 'Checked Out';
    END IF;
ELSE
    SET NEW.out_status = 'Not Yet';
END IF;

IF NEW.in_time IS NOT NULL AND NEW.out_time IS NOT NULL AND TIMEDIFF(NEW.out_time, NEW.in_time) < '07:00:00' THEN
    SET NEW.status = 'Absent';
ELSEIF NEW.in_time IS NULL AND NEW.out_time IS NULL THEN
    SET NEW.status = 'Absent';
ELSEIF NEW.in_time IS NOT NULL AND NEW.out_time IS NULL THEN
    SET NEW.status = 'Absent';
ELSE
    SET NEW.status = 'Present';
END IF;
END */;;
DELIMITER ;
/*!50003 SET sql_mode              = @saved_sql_mode */ ;
/*!50003 SET character_set_client  = @saved_cs_client */ ;
/*!50003 SET character_set_results = @saved_cs_results */ ;
/*!50003 SET collation_connection  = @saved_col_connection */ ;

--
-- Table structure for table `company`
--

DROP TABLE IF EXISTS company;
/*!40101 SET @saved_cs_client     = @@character_set_client */;
/*!50503 SET character_set_client = utf8mb4 */;
CREATE TABLE company (
  company_id int NOT NULL AUTO_INCREMENT,
  company_name varchar(255) NOT NULL,
  address varchar(255) NOT NULL,
  email varchar(128) NOT NULL,
  phone_number varchar(15) DEFAULT NULL,
  fax varchar(20) DEFAULT NULL,
  website varchar(128) DEFAULT NULL,
  employee_id int DEFAULT NULL,
  department_id int DEFAULT NULL,
  PRIMARY KEY (company_id),
  KEY employeeID (employee_id),
  KEY department (department_id),
  CONSTRAINT company_ibfk_1 FOREIGN KEY (employee_id) REFERENCES employee (employee_id),
  CONSTRAINT company_ibfk_2 FOREIGN KEY (department_id) REFERENCES department (department_id)
) ENGINE=InnoDB AUTO_INCREMENT=2 DEFAULT CHARSET=utf8mb4 COLLATE=utf8mb4_0900_ai_ci;
/*!40101 SET character_set_client = @saved_cs_client */;

--
-- Dumping data for table `company`
--

LOCK TABLES company WRITE;
/*!40000 ALTER TABLE company DISABLE KEYS */;
INSERT INTO company VALUES (1,'SGIP5','69, Trn Duy Hng, Cu Giy, H Ni','sgip5.com@sgip5.com','0123456789','0123456789','https://www.sgip5.com/',1,1);
/*!40000 ALTER TABLE company ENABLE KEYS */;
UNLOCK TABLES;

--
-- Table structure for table `config`
--

DROP TABLE IF EXISTS config;
/*!40101 SET @saved_cs_client     = @@character_set_client */;
/*!50503 SET character_set_client = utf8mb4 */;
CREATE TABLE config (
  config_id int NOT NULL,
  intime_config time DEFAULT NULL,
  outtime_config time DEFAULT NULL,
  mockDay date DEFAULT NULL,
  BeforeMockDay_gift int DEFAULT NULL,
  AfterMockDay_gift int DEFAULT NULL,
  PRIMARY KEY (config_id)
) ENGINE=InnoDB DEFAULT CHARSET=utf8mb4 COLLATE=utf8mb4_0900_ai_ci;
/*!40101 SET character_set_client = @saved_cs_client */;

--
-- Dumping data for table `config`
--

LOCK TABLES config WRITE;
/*!40000 ALTER TABLE config DISABLE KEYS */;
INSERT INTO config VALUES (1,'08:00:00','17:00:00','2022-01-15',2,5);
/*!40000 ALTER TABLE config ENABLE KEYS */;
UNLOCK TABLES;
/*!50003 SET @saved_cs_client      = @@character_set_client */ ;
/*!50003 SET @saved_cs_results     = @@character_set_results */ ;
/*!50003 SET @saved_col_connection = @@collation_connection */ ;
/*!50003 SET character_set_client  = utf8mb4 */ ;
/*!50003 SET character_set_results = utf8mb4 */ ;
/*!50003 SET collation_connection  = utf8mb4_0900_ai_ci */ ;
/*!50003 SET @saved_sql_mode       = @@sql_mode */ ;
/*!50003 SET sql_mode              = 'ONLY_FULL_GROUP_BY,STRICT_TRANS_TABLES,NO_ZERO_IN_DATE,NO_ZERO_DATE,ERROR_FOR_DIVISION_BY_ZERO,NO_ENGINE_SUBSTITUTION' */ ;
DELIMITER ;;
/*!50003 CREATE*/ /*!50017 DEFINER=root@localhost*/ /*!50003 TRIGGER after_config_update AFTER UPDATE ON config FOR EACH ROW BEGIN
    UPDATE remainday r
    JOIN employee e ON r.employee_id = e.employee_id
    SET 
      r.approvedLeaveDays = CASE WHEN YEAR(CURDATE()) - YEAR(e.hire_date) < NEW.mockDay THEN NEW.BeforeMockDay_gift ELSE NEW.AfterMockDay_gift END,
      r.config_id = NEW.config_id,
      r.yearOfWork = YEAR(CURDATE()) - YEAR(e.hire_date)
    WHERE r.employee_id = e.employee_id;
END */;;
DELIMITER ;
/*!50003 SET sql_mode              = @saved_sql_mode */ ;
/*!50003 SET character_set_client  = @saved_cs_client */ ;
/*!50003 SET character_set_results = @saved_cs_results */ ;
/*!50003 SET collation_connection  = @saved_col_connection */ ;

--
-- Table structure for table `department`
--

DROP TABLE IF EXISTS department;
/*!40101 SET @saved_cs_client     = @@character_set_client */;
/*!50503 SET character_set_client = utf8mb4 */;
CREATE TABLE department (
  department_id int NOT NULL AUTO_INCREMENT,
  `name` varchar(50) NOT NULL,
  dep_code varchar(50) NOT NULL,
  PRIMARY KEY (department_id)
) ENGINE=InnoDB AUTO_INCREMENT=7 DEFAULT CHARSET=utf8mb4 COLLATE=utf8mb4_0900_ai_ci;
/*!40101 SET character_set_client = @saved_cs_client */;

--
-- Dumping data for table `department`
--

LOCK TABLES department WRITE;
/*!40000 ALTER TABLE department DISABLE KEYS */;
INSERT INTO department VALUES (1,'Software Engineering','SE'),(2,'Digital Marketing','DM'),(3,'Bussiness Analyst','BA'),(4,'Data Science','DS'),(5,'Human Resources','HR');
/*!40000 ALTER TABLE department ENABLE KEYS */;
UNLOCK TABLES;

--
-- Table structure for table `dependents`
--

DROP TABLE IF EXISTS dependents;
/*!40101 SET @saved_cs_client     = @@character_set_client */;
/*!50503 SET character_set_client = utf8mb4 */;
CREATE TABLE dependents (
  dependent_id int NOT NULL AUTO_INCREMENT,
  employee_id int DEFAULT NULL,
  `name` varchar(100) DEFAULT NULL,
  date_of_birth date DEFAULT NULL,
  relationship varchar(50) DEFAULT NULL,
  gender tinyint(1) DEFAULT NULL,
  PRIMARY KEY (dependent_id),
  KEY employee_id (employee_id),
  CONSTRAINT dependents_ibfk_1 FOREIGN KEY (employee_id) REFERENCES employee (employee_id)
) ENGINE=InnoDB AUTO_INCREMENT=84 DEFAULT CHARSET=utf8mb4 COLLATE=utf8mb4_0900_ai_ci;
/*!40101 SET character_set_client = @saved_cs_client */;

--
-- Dumping data for table `dependents`
--

LOCK TABLES dependents WRITE;
/*!40000 ALTER TABLE dependents DISABLE KEYS */;
INSERT INTO dependents VALUES (60,1,'Nguyn Th Mai','2005-03-15','Con',0),(61,2,'Trn Vn An','2010-07-20','V/Chng',1),(62,3,'Phm Th Hng','2008-11-10','Con',0),(63,4,'L Minh Tun','2012-05-25','Con',1),(64,5,'Hong Th Thu','2011-09-30','V/Chng',0),(65,6,'Nguyn Vn Bnh','2007-04-12','Con',1),(66,7,'Trn Th Lan','2009-01-05','V/Chng',0),(67,8,'L Vn c','2013-08-18','Con',1),(68,9,'Nguyn Th Nga','2010-12-20','V/Chng',0),(69,10,'Phm Vn Hng','2009-06-22','Con',1),(70,11,'Nguyn Th Hng','2012-02-17','V/Chng',0),(71,12,'Trn Vn Hi','2008-10-08','Con',1),(72,13,'Hong Th Hnh','2011-05-13','V/Chng',0),(73,14,'L Vn Nam','2006-07-28','Con',1),(74,15,'Nguyn Th Lan','2010-11-03','V/Chng',0),(75,16,'Phm Vn Ha','2009-03-24','Con',1),(76,17,'Trn Th L','2013-09-29','V/Chng',0),(77,18,'Nguyn Vn t','2012-01-10','Con',1),(78,19,'Hong Th Mai','2008-06-05','V/Chng',0),(79,20,'L Vn Thanh','2010-12-08','Con',1),(80,21,'Nguyn Th Hoa','2011-04-19','V/Chng',0),(81,22,'Trn Vn Dng','2009-08-23','Con',1),(82,23,'Phm Th Hng','2013-02-14','V/Chng',0),(83,24,'Hong Vn Hng','2007-11-27','Con',1);
/*!40000 ALTER TABLE dependents ENABLE KEYS */;
UNLOCK TABLES;

--
-- Table structure for table `employee`
--

DROP TABLE IF EXISTS employee;
/*!40101 SET @saved_cs_client     = @@character_set_client */;
/*!50503 SET character_set_client = utf8mb4 */;
CREATE TABLE employee (
  employee_id int NOT NULL AUTO_INCREMENT,
  `name` varchar(50) NOT NULL,
  phoneNumber varchar(15) DEFAULT NULL,
  address varchar(255) DEFAULT NULL,
  email varchar(128) NOT NULL,
  gender bit(1) NOT NULL,
  image varchar(128) NOT NULL,
  birth_date date NOT NULL,
  hire_date date NOT NULL,
  user_id int DEFAULT NULL,
  basic_salary decimal(10,2) DEFAULT NULL,
  PRIMARY KEY (employee_id),
  KEY user_id (user_id),
  CONSTRAINT employee_ibfk_1 FOREIGN KEY (user_id) REFERENCES users (user_id)
) ENGINE=InnoDB AUTO_INCREMENT=25 DEFAULT CHARSET=utf8mb4 COLLATE=utf8mb4_0900_ai_ci;
/*!40101 SET character_set_client = @saved_cs_client */;

--
-- Dumping data for table `employee`
--

LOCK TABLES employee WRITE;
/*!40000 ALTER TABLE employee DISABLE KEYS */;
INSERT INTO employee VALUES (1,'Nguyn Vn An','0987654321','S 10, ng Nguyn Ch Thanh, H Ni','van.a@sgip5.com',_binary '','Anh-cty-9-min-585x878.jpg','1990-05-15','2022-01-01',1,50000.00),(2,'Trn Th Be','0912345678','S 20, ng L Li, H Ch Minh','thi.b@sgip5.com',_binary '','chan dung 1.jpg','1993-08-25','2022-01-02',2,99999.00),(3,'L Vn Cng','0905123456','S 30, ng Trn Hng o,  Nng','van.c@sgip5.com',_binary '','chan dung 11.jpg','1988-02-10','2022-01-03',3,88888.00),(4,'Hong Th Dung','0978123456','S 40, ng Nguyn Hu, Cn Th','thi.d@sgip5.com',_binary '\0','chan dung 2.jpg','1997-11-30','2022-01-04',4,77777.00),(5,'Phm Vn Ngha','0987123456','S 50, ng Trn Ph, Hi Phng','van.e@sgip5.com',_binary '','chan dung 12.png','1991-04-20','2022-01-05',5,66666.00),(6,'Mai Th Lan','0945968372','S 60, ng L T Trng, Cn Th','lan.m@sgip5.com',_binary '\0','chan dung 3.jpeg','1986-11-30','2022-01-01',6,6300.00),(7,'Hong Vn Hng','0936152749','S 70, ng Ng Quyn, Vng Tu','hung.h@sgip5.com',_binary '','chan dung 14.jpg','1991-05-18','2022-01-01',7,5100.00),(8,'Nguyn Th Ngc','0927381564','S 80, ng L Thi T, H Nam','ngoc.nt@sgip5.com',_binary '\0','chan dung 4.jpg','1984-08-27','2022-01-01',8,5900.00),(9,'V Vn Dng','0918576342','S 90, ng Hong Diu, Hi Dng','dung.v@sgip5.com',_binary '','chan dung 15.jpg','1987-02-14','2022-01-01',9,6400.00),(10,'Trn Th Thu','0909867543','S 100, ng Quang Trung, Hu','thu.t@sgip5.com',_binary '\0','chan dung 5.jpg','1993-06-28','2022-01-01',10,5300.00),(11,'L Vn Qun','0997654321','S 110, ng L Dun, H Ch Minh','quan.l@sgip5.com',_binary '','chan dung 16.jpg','1989-04-05','2022-01-01',11,5700.00),(12,' Th Hoa','0986543210','S 120, ng Trn Ph, H Ni','hoa.d@sgip5.com',_binary '\0','chan dung 6.jpg','1983-10-12','2022-01-01',12,6200.00),(13,'Nguyn Vn c','0975432109','S 130, ng B Triu, Hi Phng','duc.nv@sgip5.com',_binary '','chan dung 17.jpg','1994-09-16','2022-01-01',13,5400.00),(14,'Hong Th Mai','0964321098','S 140, ng Nguyn Vn Linh,  Nng','mai.ht@sgip5.com',_binary '\0','chan dung 7.jpg','1982-11-07','2022-01-01',14,5600.00),(15,'Trn Vn Long','0953210987','S 150, ng L Thng Kit, H Ch Minh','long.tv@sgip5.com',_binary '','chan dung 18.jpg','1980-12-24','2022-01-01',15,6500.00),(16,'L Th Thu Hng','0942109876','S 160, ng Trn Hng o, H Ni','hang.lt@sgip5.com',_binary '\0','chan dung 8.jpg','1990-08-11','2022-01-01',16,5100.00),(17,'Phm Vn Thnh','0931098765','S 170, ng L Lai, H Ch Minh','thinh.pv@sgip5.com',_binary '','chan dung 19.jpg','1986-02-18','2022-01-01',17,5800.00),(18,'Nguyn Th Thu Trang','0920987654','S 180, ng Nguyn nh Chiu,  Lt','trang.ntt@sgip5.com',_binary '\0','chan dung 10.jpg','1988-05-03','2022-01-01',18,6300.00),(19,'V Vn T','0919876543','S 190, ng L Thi T, Nha Trang','tu.vv@sgip5.com',_binary '','chan dung 20.jpg','1985-01-26','2022-01-01',19,5000.00),(20,'Nguyn Th Kim Anh','0908765432','S 200, ng Nguyn Hu, Hi Phng','anh.ntk@sgip5.com',_binary '\0','images.jfif','1991-03-09','2022-01-01',20,5900.00),(21,'inh Vn Hng','0997654321','S 210, ng Trn Ph, H Ni','hung.dv@sgip5.com',_binary '','chan-dung-nam2.webp','1983-07-17','2022-01-01',21,6400.00),(22,'Trn Th Hng','0986543210','S 220, ng L Li, H Ch Minh','hong.tt@sgip5.com',_binary '\0','photo-1-1610602796546963495282.jpg','1987-11-24','2022-01-01',22,5300.00),(23,'L Vn Tun','0975432109','S 230, ng Nguyn Cng Tr,  Nng','tuan.lv@sgip5.com',_binary '','den-gan-chu-the.jpg','1989-04-30','2022-01-01',23,5700.00),(24,'Nguyn Vn Minh','0987654321','S 240, ng Nguyn Cng Tr,  Nng','minh.nv@sgip5.com',_binary '','ti xung.png','1995-10-20','2022-01-01',24,5500.00);
/*!40000 ALTER TABLE employee ENABLE KEYS */;
UNLOCK TABLES;
/*!50003 SET @saved_cs_client      = @@character_set_client */ ;
/*!50003 SET @saved_cs_results     = @@character_set_results */ ;
/*!50003 SET @saved_col_connection = @@collation_connection */ ;
/*!50003 SET character_set_client  = utf8mb4 */ ;
/*!50003 SET character_set_results = utf8mb4 */ ;
/*!50003 SET collation_connection  = utf8mb4_0900_ai_ci */ ;
/*!50003 SET @saved_sql_mode       = @@sql_mode */ ;
/*!50003 SET sql_mode              = 'ONLY_FULL_GROUP_BY,STRICT_TRANS_TABLES,NO_ZERO_IN_DATE,NO_ZERO_DATE,ERROR_FOR_DIVISION_BY_ZERO,NO_ENGINE_SUBSTITUTION' */ ;
DELIMITER ;;
/*!50003 CREATE*/ /*!50017 DEFINER=root@localhost*/ /*!50003 TRIGGER after_employee_update AFTER UPDATE ON employee FOR EACH ROW BEGIN
    UPDATE remainday r
    SET 
      r.yearOfWork = YEAR(CURDATE()) - YEAR(NEW.hire_date)
    WHERE r.employee_id = NEW.employee_id;
END */;;
DELIMITER ;
/*!50003 SET sql_mode              = @saved_sql_mode */ ;
/*!50003 SET character_set_client  = @saved_cs_client */ ;
/*!50003 SET character_set_results = @saved_cs_results */ ;
/*!50003 SET collation_connection  = @saved_col_connection */ ;

--
-- Table structure for table `employeedepartment`
--

DROP TABLE IF EXISTS employeedepartment;
/*!40101 SET @saved_cs_client     = @@character_set_client */;
/*!50503 SET character_set_client = utf8mb4 */;
CREATE TABLE employeedepartment (
  employee_id int NOT NULL,
  department_id int NOT NULL,
  PRIMARY KEY (employee_id,department_id),
  KEY department_id (department_id),
  CONSTRAINT employeedepartment_ibfk_1 FOREIGN KEY (employee_id) REFERENCES employee (employee_id),
  CONSTRAINT employeedepartment_ibfk_2 FOREIGN KEY (department_id) REFERENCES department (department_id)
) ENGINE=InnoDB DEFAULT CHARSET=utf8mb4 COLLATE=utf8mb4_0900_ai_ci;
/*!40101 SET character_set_client = @saved_cs_client */;

--
-- Dumping data for table `employeedepartment`
--

LOCK TABLES employeedepartment WRITE;
/*!40000 ALTER TABLE employeedepartment DISABLE KEYS */;
INSERT INTO employeedepartment VALUES (1,1),(2,1),(3,1),(8,1),(9,1),(10,1),(13,1),(4,2),(14,2),(15,2),(16,2),(17,2),(5,3),(18,3),(19,3),(20,3),(21,3),(6,4),(22,4),(23,4),(24,4),(7,5),(11,5),(12,5);
/*!40000 ALTER TABLE employeedepartment ENABLE KEYS */;
UNLOCK TABLES;

--
-- Table structure for table `feedback`
--

DROP TABLE IF EXISTS feedback;
/*!40101 SET @saved_cs_client     = @@character_set_client */;
/*!50503 SET character_set_client = utf8mb4 */;
CREATE TABLE feedback (
  feedback_id int NOT NULL AUTO_INCREMENT,
  user_id int DEFAULT NULL,
  title varchar(255) DEFAULT NULL,
  content text,
  feedback_date date DEFAULT NULL,
  PRIMARY KEY (feedback_id),
  KEY user_id (user_id),
  CONSTRAINT feedback_ibfk_1 FOREIGN KEY (user_id) REFERENCES users (user_id)
) ENGINE=InnoDB AUTO_INCREMENT=37 DEFAULT CHARSET=utf8mb4 COLLATE=utf8mb4_0900_ai_ci;
/*!40101 SET character_set_client = @saved_cs_client */;

--
-- Dumping data for table `feedback`
--

LOCK TABLES feedback WRITE;
/*!40000 ALTER TABLE feedback DISABLE KEYS */;
INSERT INTO feedback VALUES (1,5,'V Trng phng','Hay i mun, ni chuyn hm','2024-03-12'),(3,5,'V Cng ty','Cng ty to qu lm em i mi chn','2024-03-13'),(4,2,'V Trng phng','Hay i mun, ni chuyn hm','2024-03-13'),(5,2,'V gim c','Khng lm m ni nhiu','2024-03-13'),(10,2,'V Trng phng','Good','2024-03-13'),(14,2,'V Trng phng','Good','2024-03-13'),(16,2,'V Trng phng','Not Good','2024-03-13'),(21,2,'V gim c','Good','2024-03-13'),(30,2,'V Trng phng','Not Good','2024-03-13'),(32,2,'V gim c','Good','2024-03-13'),(33,2,'V Trng phng','Not Good','2024-03-13'),(34,2,'V Trng phng','Good','2024-03-13'),(35,2,'V Trng phng','Good','2024-03-13'),(36,2,'V Trng phng','Not Good','2024-03-13');
/*!40000 ALTER TABLE feedback ENABLE KEYS */;
UNLOCK TABLES;

--
-- Table structure for table `file`
--

DROP TABLE IF EXISTS file;
/*!40101 SET @saved_cs_client     = @@character_set_client */;
/*!50503 SET character_set_client = utf8mb4 */;
CREATE TABLE `file` (
  file_id int NOT NULL AUTO_INCREMENT,
  file_data longblob,
  file_name varchar(255) CHARACTER SET utf8mb4 COLLATE utf8mb4_0900_ai_ci DEFAULT NULL,
  PRIMARY KEY (file_id)
) ENGINE=InnoDB DEFAULT CHARSET=utf8mb4 COLLATE=utf8mb4_0900_ai_ci;
/*!40101 SET character_set_client = @saved_cs_client */;

--
-- Dumping data for table `file`
--

LOCK TABLES file WRITE;
/*!40000 ALTER TABLE file DISABLE KEYS */;
/*!40000 ALTER TABLE file ENABLE KEYS */;
UNLOCK TABLES;

--
-- Table structure for table `insurance`
--

DROP TABLE IF EXISTS insurance;
/*!40101 SET @saved_cs_client     = @@character_set_client */;
/*!50503 SET character_set_client = utf8mb4 */;
CREATE TABLE insurance (
  insurance_id int NOT NULL,
  employee_id int DEFAULT NULL,
  insurance_company varchar(100) DEFAULT NULL,
  policy_number varchar(50) DEFAULT NULL,
  coverage_type varchar(50) DEFAULT NULL,
  start_date date DEFAULT NULL,
  end_date date DEFAULT NULL,
  premium_amount decimal(10,2) DEFAULT NULL,
  deductible decimal(10,2) DEFAULT NULL,
  co_pay decimal(10,2) DEFAULT NULL,
  coverage_details text,
  policy_type varchar(50) DEFAULT NULL,
  policy_issuer varchar(100) DEFAULT NULL,
  beneficiary varchar(100) DEFAULT NULL,
  coverage_limit decimal(15,2) DEFAULT NULL,
  renewal_date date DEFAULT NULL,
  PRIMARY KEY (insurance_id),
  KEY employee_id (employee_id),
  CONSTRAINT insurance_ibfk_1 FOREIGN KEY (employee_id) REFERENCES employee (employee_id)
) ENGINE=InnoDB DEFAULT CHARSET=utf8mb4 COLLATE=utf8mb4_0900_ai_ci;
/*!40101 SET character_set_client = @saved_cs_client */;

--
-- Dumping data for table `insurance`
--

LOCK TABLES insurance WRITE;
/*!40000 ALTER TABLE insurance DISABLE KEYS */;
INSERT INTO insurance VALUES (1,1,'Insurance World','POL123456','Bo him sc khe','2022-01-01','2023-01-01',2000000.00,500000.00,20000.00,'Ph sng c bn v sc khe','Bo him Sc khe','Insurance World','Gia nh',5000000.00,'2023-01-01'),(2,2,'SureShield','POL987654','Bo him sc khe','2022-02-01','2023-02-01',2500000.00,600000.00,25000.00,'Ph sng c bn','Bo him Sc khe','SureShield','Khng ngi hng',6000000.00,'2023-02-01'),(3,3,'Insurance World','POL456789','Bo him sc khe','2022-03-01','2023-03-01',3000000.00,700000.00,30000.00,'Ph sng ton din','Bo him Sc khe','Insurance World','Con',7000000.00,'2023-03-01'),(4,4,'SureShield','POL654321','Bo him sc khe','2022-04-01','2023-04-01',2800000.00,550000.00,28000.00,'Ph sng tiu chun','Bo him Sc khe','SureShield','Gia nh',5500000.00,'2023-04-01'),(5,5,'Insurance World','POL789012','Bo him sc khe','2022-05-01','2023-05-01',3200000.00,650000.00,32000.00,'Ph sng nng cao','Bo him Sc khe','Insurance World','Khng ngi hng',6500000.00,'2023-05-01'),(6,6,'SureShield','POL234567','Bo him nhn th','2022-06-01','2023-06-01',3500000.00,750000.00,35000.00,'Ph sng nhn th','Bo him Nhn th','SureShield','Con',7500000.00,'2023-06-01'),(7,7,'Insurance World','POL890123','Bo him tai nn','2022-07-01','2023-07-01',2600000.00,500000.00,26000.00,'Ph sng tai nn','Bo him Tai nn','Insurance World','Gia nh',5000000.00,'2023-07-01'),(8,8,'SureShield','POL345678','Bo him sc khe','2022-08-01','2023-08-01',2900000.00,600000.00,29000.00,'Ph sng bnh nng','Bo him Sc khe','SureShield','Khng ngi hng',6000000.00,'2023-08-01'),(9,9,'Insurance World','POL901234','Bo him sc khe','2022-09-01','2023-09-01',3300000.00,700000.00,33000.00,'Ph sng khuyt tt','Bo him Sc khe','Insurance World','Con',7000000.00,'2023-09-01'),(10,10,'SureShield','POL456789','Bo him sc khe','2022-10-01','2023-10-01',3100000.00,650000.00,31000.00,'Ph sng du lch','Bo him Sc khe','SureShield','Gia nh',6500000.00,'2023-10-01'),(11,11,'Insurance World','POL987654','Bo him sc khe','2022-11-01','2023-11-01',2700000.00,550000.00,27000.00,'Ph sng ti sn','Bo him Sc khe','Insurance World','Khng ngi hng',5500000.00,'2023-11-01'),(12,12,'SureShield','POL987654','Bo him nhn th','2022-12-01','2023-12-01',2800000.00,500000.00,28000.00,'Ph sng nhn th','Bo him Nhn th','SureShield','Con',5000000.00,'2023-12-01'),(13,13,'Insurance World','POL789012','Bo him tai nn','2023-01-01','2024-01-01',3000000.00,600000.00,30000.00,'Ph sng tai nn','Bo him Tai nn','Insurance World','Gia nh',6000000.00,'2024-01-01'),(14,14,'SureShield','POL234567','Bo him sc khe','2023-02-01','2024-02-01',3200000.00,650000.00,32000.00,'Ph sng c bn v sc khe','Bo him Sc khe','SureShield','Khng ngi hng',6500000.00,'2024-02-01'),(15,15,'Insurance World','POL123456','Bo him nhn th','2023-03-01','2024-03-01',3500000.00,700000.00,35000.00,'Ph sng nhn th','Bo him Nhn th','Insurance World','Con',7000000.00,'2024-03-01'),(16,16,'SureShield','POL654321','Bo him sc khe','2023-04-01','2024-04-01',3300000.00,650000.00,33000.00,'Ph sng ton din','Bo him Sc khe','SureShield','Gia nh',6500000.00,'2024-04-01'),(17,17,'Insurance World','POL456789','Bo him tai nn','2023-05-01','2024-05-01',2800000.00,550000.00,28000.00,'Ph sng tai nn','Bo him Tai nn','Insurance World','Khng ngi hng',5500000.00,'2024-05-01'),(18,18,'SureShield','POL789012','Bo him sc khe','2023-06-01','2024-06-01',3000000.00,600000.00,30000.00,'Ph sng c bn v sc khe','Bo him Sc khe','SureShield','Con',6000000.00,'2024-06-01'),(19,19,'Insurance World','POL345678','Bo him nhn th','2023-07-01','2024-07-01',3200000.00,650000.00,32000.00,'Ph sng nhn th','Bo him Nhn th','Insurance World','Gia nh',6500000.00,'2024-07-01'),(20,20,'SureShield','POL901234','Bo him sc khe','2023-08-01','2024-08-01',3400000.00,700000.00,34000.00,'Ph sng c bn v sc khe','Bo him Sc khe','SureShield','Khng ngi hng',7000000.00,'2024-08-01'),(21,21,'Insurance World','POL234567','Bo him tai nn','2023-09-01','2024-09-01',2900000.00,550000.00,29000.00,'Ph sng tai nn','Bo him Tai nn','Insurance World','Con',5500000.00,'2024-09-01'),(22,22,'SureShield','POL678901','Bo him sc khe','2023-10-01','2024-10-01',3100000.00,600000.00,31000.00,'Ph sng c bn v sc khe','Bo him Sc khe','SureShield','Gia nh',6000000.00,'2024-10-01'),(23,23,'Insurance World','POL890123','Bo him nhn th','2023-11-01','2024-11-01',3300000.00,650000.00,33000.00,'Ph sng nhn th','Bo him Nhn th','Insurance World','Khng ngi hng',6500000.00,'2024-11-01'),(24,24,'SureShield','POL567890','Bo him sc khe','2023-12-01','2024-12-01',3500000.00,700000.00,35000.00,'Ph sng c bn v sc khe','Bo him Sc khe','SureShield','Con',7000000.00,'2024-12-01');
/*!40000 ALTER TABLE insurance ENABLE KEYS */;
UNLOCK TABLES;

--
-- Table structure for table `managerfile`
--

DROP TABLE IF EXISTS managerfile;
/*!40101 SET @saved_cs_client     = @@character_set_client */;
/*!50503 SET character_set_client = utf8mb4 */;
CREATE TABLE managerfile (
  MFID int NOT NULL AUTO_INCREMENT,
  FID int DEFAULT NULL,
  file_id int DEFAULT NULL,
  PRIMARY KEY (MFID),
  KEY FID (FID),
  KEY file_id (file_id),
  CONSTRAINT managerfile_ibfk_1 FOREIGN KEY (FID) REFERENCES notification (notification_id),
  CONSTRAINT managerfile_ibfk_2 FOREIGN KEY (file_id) REFERENCES `file` (file_id)
) ENGINE=InnoDB DEFAULT CHARSET=utf8mb4 COLLATE=utf8mb4_0900_ai_ci;
/*!40101 SET character_set_client = @saved_cs_client */;

--
-- Dumping data for table `managerfile`
--

LOCK TABLES managerfile WRITE;
/*!40000 ALTER TABLE managerfile DISABLE KEYS */;
/*!40000 ALTER TABLE managerfile ENABLE KEYS */;
UNLOCK TABLES;

--
-- Table structure for table `managerproject`
--

DROP TABLE IF EXISTS managerproject;
/*!40101 SET @saved_cs_client     = @@character_set_client */;
/*!50503 SET character_set_client = utf8mb4 */;
CREATE TABLE managerproject (
  MaID int NOT NULL AUTO_INCREMENT,
  ProjectID int NOT NULL,
  success int NOT NULL DEFAULT '1',
  PRIMARY KEY (MaID),
  KEY managerproject_ibfk_2 (ProjectID),
  CONSTRAINT managerproject_ibfk_2 FOREIGN KEY (ProjectID) REFERENCES project (ProjectId)
) ENGINE=InnoDB AUTO_INCREMENT=22 DEFAULT CHARSET=utf8mb4 COLLATE=utf8mb4_0900_ai_ci;
/*!40101 SET character_set_client = @saved_cs_client */;

--
-- Dumping data for table `managerproject`
--

LOCK TABLES managerproject WRITE;
/*!40000 ALTER TABLE managerproject DISABLE KEYS */;
INSERT INTO managerproject VALUES (1,1,3),(21,18,1);
/*!40000 ALTER TABLE managerproject ENABLE KEYS */;
UNLOCK TABLES;

--
-- Table structure for table `message`
--

DROP TABLE IF EXISTS message;
/*!40101 SET @saved_cs_client     = @@character_set_client */;
/*!50503 SET character_set_client = utf8mb4 */;
CREATE TABLE message (
  message_id int NOT NULL AUTO_INCREMENT,
  sender_id int NOT NULL,
  content text NOT NULL,
  `timestamp` datetime NOT NULL,
  PRIMARY KEY (message_id),
  KEY fk_message_sender (sender_id),
  CONSTRAINT fk_message_sender FOREIGN KEY (sender_id) REFERENCES employee (employee_id)
) ENGINE=InnoDB AUTO_INCREMENT=10 DEFAULT CHARSET=utf8mb4 COLLATE=utf8mb4_0900_ai_ci;
/*!40101 SET character_set_client = @saved_cs_client */;

--
-- Dumping data for table `message`
--

LOCK TABLES message WRITE;
/*!40000 ALTER TABLE message DISABLE KEYS */;
INSERT INTO message VALUES (1,3,'hihihi\n','2024-03-20 12:56:10'),(2,3,'hihihi\n','2024-03-20 12:56:11'),(3,3,'hihihi\n','2024-03-20 12:56:11'),(4,3,'he lo c\n','2024-03-20 13:04:06'),(5,2,'oke','2024-03-20 13:04:11'),(6,3,'hi toi la Hao','2024-03-20 13:22:55'),(7,2,'oke','2024-03-20 13:23:11'),(8,1,'fsdfsdfasdfsd','2024-03-27 14:45:23'),(9,1,'fsdfsdfasdfsd','2024-03-27 14:45:24');
/*!40000 ALTER TABLE message ENABLE KEYS */;
UNLOCK TABLES;

--
-- Table structure for table `notification`
--

DROP TABLE IF EXISTS notification;
/*!40101 SET @saved_cs_client     = @@character_set_client */;
/*!50503 SET character_set_client = utf8mb4 */;
CREATE TABLE notification (
  notification_id int NOT NULL AUTO_INCREMENT,
  employee_id int NOT NULL,
  `description` varchar(255) NOT NULL,
  `subject` varchar(255) NOT NULL,
  sent_date datetime NOT NULL,
  PRIMARY KEY (notification_id),
  KEY employee_id (employee_id),
  CONSTRAINT notification_ibfk_1 FOREIGN KEY (employee_id) REFERENCES employee (employee_id)
) ENGINE=InnoDB AUTO_INCREMENT=4 DEFAULT CHARSET=utf8mb4 COLLATE=utf8mb4_0900_ai_ci;
/*!40101 SET character_set_client = @saved_cs_client */;

--
-- Dumping data for table `notification`
--

LOCK TABLES notification WRITE;
/*!40000 ALTER TABLE notification DISABLE KEYS */;
INSERT INTO notification VALUES (1,1,'You have a new message','New Message','2022-01-20 10:30:00'),(2,2,'Approval for leave request','Leave Request','2022-01-21 08:45:00'),(3,3,'Reminder: Upcoming meeting','Meeting Reminder','2022-01-22 15:20:00');
/*!40000 ALTER TABLE notification ENABLE KEYS */;
UNLOCK TABLES;

--
-- Table structure for table `project`
--

DROP TABLE IF EXISTS project;
/*!40101 SET @saved_cs_client     = @@character_set_client */;
/*!50503 SET character_set_client = utf8mb4 */;
CREATE TABLE project (
  ProjectId int NOT NULL AUTO_INCREMENT,
  employee_id_create int DEFAULT NULL,
  `name` varchar(255) DEFAULT NULL,
  datefrom date DEFAULT NULL,
  dateend date DEFAULT NULL,
  `description` varchar(255) NOT NULL,
  PRIMARY KEY (ProjectId),
  KEY KeyforProject_idx (employee_id_create),
  CONSTRAINT KeyforProject FOREIGN KEY (employee_id_create) REFERENCES employee (employee_id)
) ENGINE=InnoDB AUTO_INCREMENT=19 DEFAULT CHARSET=utf8mb4 COLLATE=utf8mb4_0900_ai_ci;
/*!40101 SET character_set_client = @saved_cs_client */;

--
-- Dumping data for table `project`
--

LOCK TABLES project WRITE;
/*!40000 ALTER TABLE project DISABLE KEYS */;
INSERT INTO project VALUES (1,3,'12','2024-11-16','2024-11-12','2'),(18,6,'Vy Nguyen','2024-03-04','2024-03-25','My first repo');
/*!40000 ALTER TABLE project ENABLE KEYS */;
UNLOCK TABLES;
/*!50003 SET @saved_cs_client      = @@character_set_client */ ;
/*!50003 SET @saved_cs_results     = @@character_set_results */ ;
/*!50003 SET @saved_col_connection = @@collation_connection */ ;
/*!50003 SET character_set_client  = utf8mb4 */ ;
/*!50003 SET character_set_results = utf8mb4 */ ;
/*!50003 SET collation_connection  = utf8mb4_0900_ai_ci */ ;
/*!50003 SET @saved_sql_mode       = @@sql_mode */ ;
/*!50003 SET sql_mode              = 'ONLY_FULL_GROUP_BY,STRICT_TRANS_TABLES,NO_ZERO_IN_DATE,NO_ZERO_DATE,ERROR_FOR_DIVISION_BY_ZERO,NO_ENGINE_SUBSTITUTION' */ ;
DELIMITER ;;
/*!50003 CREATE*/ /*!50017 DEFINER=root@localhost*/ /*!50003 TRIGGER InsertManagerProject AFTER INSERT ON project FOR EACH ROW BEGIN
    DECLARE ProjectId INT;
    SET ProjectId = NEW.ProjectId;
    INSERT INTO managerproject (ProjectId, Success)
    VALUES (ProjectId, 1); 
END */;;
DELIMITER ;
/*!50003 SET sql_mode              = @saved_sql_mode */ ;
/*!50003 SET character_set_client  = @saved_cs_client */ ;
/*!50003 SET character_set_results = @saved_cs_results */ ;
/*!50003 SET collation_connection  = @saved_col_connection */ ;
/*!50003 SET @saved_cs_client      = @@character_set_client */ ;
/*!50003 SET @saved_cs_results     = @@character_set_results */ ;
/*!50003 SET @saved_col_connection = @@collation_connection */ ;
/*!50003 SET character_set_client  = utf8mb4 */ ;
/*!50003 SET character_set_results = utf8mb4 */ ;
/*!50003 SET collation_connection  = utf8mb4_0900_ai_ci */ ;
/*!50003 SET @saved_sql_mode       = @@sql_mode */ ;
/*!50003 SET sql_mode              = 'ONLY_FULL_GROUP_BY,STRICT_TRANS_TABLES,NO_ZERO_IN_DATE,NO_ZERO_DATE,ERROR_FOR_DIVISION_BY_ZERO,NO_ENGINE_SUBSTITUTION' */ ;
DELIMITER ;;
/*!50003 CREATE*/ /*!50017 DEFINER=root@localhost*/ /*!50003 TRIGGER DeleteManagerProjectTask BEFORE DELETE ON project FOR EACH ROW BEGIN
    SET foreign_key_checks = 0;
 DELETE FROM tasks WHERE MaID IN (SELECT MaID FROM managerproject WHERE ProjectId = OLD.ProjectId);
 DELETE FROM managerproject WHERE ProjectId = OLD.ProjectId;
SET foreign_key_checks = 1;
END */;;
DELIMITER ;
/*!50003 SET sql_mode              = @saved_sql_mode */ ;
/*!50003 SET character_set_client  = @saved_cs_client */ ;
/*!50003 SET character_set_results = @saved_cs_results */ ;
/*!50003 SET collation_connection  = @saved_col_connection */ ;

--
-- Table structure for table `remainday`
--

DROP TABLE IF EXISTS remainday;
/*!40101 SET @saved_cs_client     = @@character_set_client */;
/*!50503 SET character_set_client = utf8mb4 */;
CREATE TABLE remainday (
  remainDay_id int NOT NULL,
  employee_id int DEFAULT NULL,
  yearOfWork int DEFAULT NULL,
  approvedLeaveDays int DEFAULT NULL,
  leaveDays int DEFAULT NULL,
  remainDay int DEFAULT NULL,
  config_id int DEFAULT NULL,
  PRIMARY KEY (remainDay_id),
  KEY employee_id (employee_id),
  KEY config_id (config_id),
  CONSTRAINT remainday_ibfk_1 FOREIGN KEY (employee_id) REFERENCES employee (employee_id),
  CONSTRAINT remainday_ibfk_2 FOREIGN KEY (config_id) REFERENCES config (config_id)
) ENGINE=InnoDB DEFAULT CHARSET=utf8mb4 COLLATE=utf8mb4_0900_ai_ci;
/*!40101 SET character_set_client = @saved_cs_client */;

--
-- Dumping data for table `remainday`
--

LOCK TABLES remainday WRITE;
/*!40000 ALTER TABLE remainday DISABLE KEYS */;
INSERT INTO remainday VALUES (1,1,2,8,5,3,1),(2,2,2,8,4,4,1),(3,3,2,8,5,3,1),(4,4,2,8,3,5,1),(5,5,2,8,4,4,1),(6,6,2,8,1,7,1),(7,7,2,8,0,8,1),(8,8,2,8,1,7,1),(9,9,2,8,1,7,1),(10,10,2,8,1,7,1),(11,11,2,8,1,7,1),(12,12,2,8,1,7,1),(13,13,2,8,1,7,1),(14,14,2,8,1,7,1),(15,15,2,8,1,7,1),(16,16,2,8,1,7,1),(17,17,2,8,1,7,1),(18,18,2,8,1,7,1),(19,19,2,8,1,7,1),(20,20,2,8,1,7,1),(21,21,2,8,1,7,1),(22,22,2,8,1,7,1),(23,23,2,8,1,7,1),(24,24,2,8,3,5,1);
/*!40000 ALTER TABLE remainday ENABLE KEYS */;
UNLOCK TABLES;
/*!50003 SET @saved_cs_client      = @@character_set_client */ ;
/*!50003 SET @saved_cs_results     = @@character_set_results */ ;
/*!50003 SET @saved_col_connection = @@collation_connection */ ;
/*!50003 SET character_set_client  = utf8mb4 */ ;
/*!50003 SET character_set_results = utf8mb4 */ ;
/*!50003 SET collation_connection  = utf8mb4_0900_ai_ci */ ;
/*!50003 SET @saved_sql_mode       = @@sql_mode */ ;
/*!50003 SET sql_mode              = 'ONLY_FULL_GROUP_BY,STRICT_TRANS_TABLES,NO_ZERO_IN_DATE,NO_ZERO_DATE,ERROR_FOR_DIVISION_BY_ZERO,NO_ENGINE_SUBSTITUTION' */ ;
DELIMITER ;;
/*!50003 CREATE*/ /*!50017 DEFINER=root@localhost*/ /*!50003 TRIGGER update_remainDay BEFORE UPDATE ON remainday FOR EACH ROW BEGIN
    DECLARE new_leaveDays INT;
    SET new_leaveDays = NEW.approvedLeaveDays - NEW.remainDay;
    
    SET NEW.leaveDays = new_leaveDays;
END */;;
DELIMITER ;
/*!50003 SET sql_mode              = @saved_sql_mode */ ;
/*!50003 SET character_set_client  = @saved_cs_client */ ;
/*!50003 SET character_set_results = @saved_cs_results */ ;
/*!50003 SET collation_connection  = @saved_col_connection */ ;
/*!50003 SET @saved_cs_client      = @@character_set_client */ ;
/*!50003 SET @saved_cs_results     = @@character_set_results */ ;
/*!50003 SET @saved_col_connection = @@collation_connection */ ;
/*!50003 SET character_set_client  = utf8mb4 */ ;
/*!50003 SET character_set_results = utf8mb4 */ ;
/*!50003 SET collation_connection  = utf8mb4_0900_ai_ci */ ;
/*!50003 SET @saved_sql_mode       = @@sql_mode */ ;
/*!50003 SET sql_mode              = 'ONLY_FULL_GROUP_BY,STRICT_TRANS_TABLES,NO_ZERO_IN_DATE,NO_ZERO_DATE,ERROR_FOR_DIVISION_BY_ZERO,NO_ENGINE_SUBSTITUTION' */ ;
DELIMITER ;;
/*!50003 CREATE*/ /*!50017 DEFINER=root@localhost*/ /*!50003 TRIGGER update_leaveDays BEFORE UPDATE ON remainday FOR EACH ROW BEGIN
    DECLARE new_remainDay INT;
    SET new_remainDay = NEW.approvedLeaveDays - NEW.leaveDays;
    
    SET NEW.remainDay = new_remainDay;
END */;;
DELIMITER ;
/*!50003 SET sql_mode              = @saved_sql_mode */ ;
/*!50003 SET character_set_client  = @saved_cs_client */ ;
/*!50003 SET character_set_results = @saved_cs_results */ ;
/*!50003 SET collation_connection  = @saved_col_connection */ ;
/*!50003 SET @saved_cs_client      = @@character_set_client */ ;
/*!50003 SET @saved_cs_results     = @@character_set_results */ ;
/*!50003 SET @saved_col_connection = @@collation_connection */ ;
/*!50003 SET character_set_client  = utf8mb4 */ ;
/*!50003 SET character_set_results = utf8mb4 */ ;
/*!50003 SET collation_connection  = utf8mb4_0900_ai_ci */ ;
/*!50003 SET @saved_sql_mode       = @@sql_mode */ ;
/*!50003 SET sql_mode              = 'ONLY_FULL_GROUP_BY,STRICT_TRANS_TABLES,NO_ZERO_IN_DATE,NO_ZERO_DATE,ERROR_FOR_DIVISION_BY_ZERO,NO_ENGINE_SUBSTITUTION' */ ;
DELIMITER ;;
/*!50003 CREATE*/ /*!50017 DEFINER=root@localhost*/ /*!50003 TRIGGER update_leave_days BEFORE UPDATE ON remainday FOR EACH ROW BEGIN
    DECLARE in_status VARCHAR(120);
    DECLARE out_status VARCHAR(120);
    DECLARE att_status VARCHAR(120);

    -- Fetching in_status, out_status, and status from the latest attendance record
    SELECT in_status, out_status, status 
    INTO in_status, out_status, att_status
    FROM attendance 
    WHERE employee_id = NEW.employee_id 
    ORDER BY date DESC 
    LIMIT 1;

    IF (TIME(NOW()) > '17:00:00' AND att_status = 'Absent') THEN
        -- If the employee was marked as absent after 5 PM, update leave days
        SET NEW.leaveDays = NEW.leaveDays + 1;
    END IF;

    IF (in_status = 'Present' AND out_status = 'Present' AND att_status = 'Present') THEN
        -- If both check-in and check-out statuses are 'Present', update remaining days
        SET NEW.remainDay_id = NEW.remainDay_id - 1;
    END IF;
END */;;
DELIMITER ;
/*!50003 SET sql_mode              = @saved_sql_mode */ ;
/*!50003 SET character_set_client  = @saved_cs_client */ ;
/*!50003 SET character_set_results = @saved_cs_results */ ;
/*!50003 SET collation_connection  = @saved_col_connection */ ;

--
-- Table structure for table `salary`
--

DROP TABLE IF EXISTS salary;
/*!40101 SET @saved_cs_client     = @@character_set_client */;
/*!50503 SET character_set_client = utf8mb4 */;
CREATE TABLE salary (
  salary_id int NOT NULL AUTO_INCREMENT,
  employee_id int DEFAULT NULL,
  department_id int DEFAULT NULL,
  attendance_id int DEFAULT NULL,
  allowance decimal(10,2) DEFAULT NULL,
  tax decimal(10,2) DEFAULT NULL,
  bonus decimal(10,2) DEFAULT NULL,
  received_date date DEFAULT NULL,
  user_id int DEFAULT NULL,
  PRIMARY KEY (salary_id),
  KEY employee_id (employee_id),
  KEY department_id (department_id),
  KEY attendance_id (attendance_id),
  KEY FK_user_id (user_id),
  CONSTRAINT FK_user_id FOREIGN KEY (user_id) REFERENCES users (user_id),
  CONSTRAINT salary_ibfk_1 FOREIGN KEY (employee_id) REFERENCES employee (employee_id),
  CONSTRAINT salary_ibfk_2 FOREIGN KEY (department_id) REFERENCES department (department_id),
  CONSTRAINT salary_ibfk_3 FOREIGN KEY (attendance_id) REFERENCES attendance (attendance_id)
) ENGINE=InnoDB AUTO_INCREMENT=31 DEFAULT CHARSET=utf8mb4 COLLATE=utf8mb4_0900_ai_ci;
/*!40101 SET character_set_client = @saved_cs_client */;

--
-- Dumping data for table `salary`
--

LOCK TABLES salary WRITE;
/*!40000 ALTER TABLE salary DISABLE KEYS */;
INSERT INTO salary VALUES (1,2,3,2,1000.00,1000.00,5000.00,'2024-03-01',2),(8,3,2,3,999.00,999.90,999.00,'2022-01-03',3),(9,1,1,1,99999.00,999.90,999999.00,'2022-01-01',1),(10,4,3,4,999.00,8766.40,8888.00,'2022-01-04',4),(11,5,1,5,8888.00,888.80,8888.00,'2022-01-05',5),(12,6,4,86,999.00,1729.80,9999.00,'2022-01-01',6),(13,7,4,87,688.00,647.60,688.00,'2022-01-01',7),(14,8,1,88,65.00,662.00,655.00,'2022-01-01',8),(15,9,1,89,999.00,839.80,999.00,'2022-01-01',9),(16,10,1,90,9999.00,2529.80,9999.00,'2022-01-01',10),(17,11,5,91,5463.00,1161.70,454.00,'2022-01-01',11),(18,12,5,92,74.00,631.80,44.00,'2022-01-01',12),(19,13,1,93,453.00,630.60,453.00,'2022-01-01',13),(20,14,2,94,456.00,1060.20,4546.00,'2022-01-01',14),(21,15,2,95,4534.00,1149.00,456.00,'2022-01-01',15),(22,16,2,96,468.00,635.40,786.00,'2022-01-01',16),(23,17,2,97,646.00,1191.00,5464.00,'2022-01-01',17),(24,18,3,98,54.00,699.90,645.00,'2022-01-01',18),(25,19,3,99,4687.00,1615.10,6464.00,'2022-01-01',19),(26,20,3,100,68678.00,7522.20,644.00,'2022-01-01',20),(27,21,3,101,6464.00,1740.90,4545.00,'2022-01-01',21),(28,22,4,102,6464.00,1244.20,678.00,'2022-01-01',22),(29,23,4,103,969.00,736.50,696.00,'2022-01-01',23),(30,24,4,104,5676.00,1185.00,674.00,'2022-01-01',24);
/*!40000 ALTER TABLE salary ENABLE KEYS */;
UNLOCK TABLES;

--
-- Table structure for table `tasks`
--

DROP TABLE IF EXISTS tasks;
/*!40101 SET @saved_cs_client     = @@character_set_client */;
/*!50503 SET character_set_client = utf8mb4 */;
CREATE TABLE tasks (
  TaskId int NOT NULL AUTO_INCREMENT,
  employee_id int DEFAULT NULL,
  `Name` varchar(255) DEFAULT NULL,
  `Description` text,
  TimeSuccess date DEFAULT NULL,
  TimeEnd date DEFAULT NULL,
  Success int DEFAULT '1',
  MaID int DEFAULT '1',
  PRIMARY KEY (TaskId),
  KEY employee_id (employee_id),
  KEY MaID_idx (MaID),
  CONSTRAINT tasks_ibfk_2 FOREIGN KEY (employee_id) REFERENCES employee (employee_id)
) ENGINE=InnoDB AUTO_INCREMENT=598 DEFAULT CHARSET=utf8mb4 COLLATE=utf8mb4_0900_ai_ci;
/*!40101 SET character_set_client = @saved_cs_client */;

--
-- Dumping data for table `tasks`
--

LOCK TABLES tasks WRITE;
/*!40000 ALTER TABLE tasks DISABLE KEYS */;
INSERT INTO tasks VALUES (1,3,'3','2024-11-11','2024-11-11','2024-11-11',3,1),(2,3,'3','2024-11-11','2024-11-11','2024-11-11',3,1),(3,3,'3','task u tin','2024-11-11','2024-11-11',3,1);
/*!40000 ALTER TABLE tasks ENABLE KEYS */;
UNLOCK TABLES;
/*!50003 SET @saved_cs_client      = @@character_set_client */ ;
/*!50003 SET @saved_cs_results     = @@character_set_results */ ;
/*!50003 SET @saved_col_connection = @@collation_connection */ ;
/*!50003 SET character_set_client  = utf8mb4 */ ;
/*!50003 SET character_set_results = utf8mb4 */ ;
/*!50003 SET collation_connection  = utf8mb4_0900_ai_ci */ ;
/*!50003 SET @saved_sql_mode       = @@sql_mode */ ;
/*!50003 SET sql_mode              = 'ONLY_FULL_GROUP_BY,STRICT_TRANS_TABLES,NO_ZERO_IN_DATE,NO_ZERO_DATE,ERROR_FOR_DIVISION_BY_ZERO,NO_ENGINE_SUBSTITUTION' */ ;
DELIMITER ;;
/*!50003 CREATE*/ /*!50017 DEFINER=root@localhost*/ /*!50003 TRIGGER tasks_AFTER_INSERT AFTER INSERT ON tasks FOR EACH ROW BEGIN
UPDATE managerproject
    SET success = 1
    WHERE managerproject.MaID = NEW.MaID;
END */;;
DELIMITER ;
/*!50003 SET sql_mode              = @saved_sql_mode */ ;
/*!50003 SET character_set_client  = @saved_cs_client */ ;
/*!50003 SET character_set_results = @saved_cs_results */ ;
/*!50003 SET collation_connection  = @saved_col_connection */ ;
/*!50003 SET @saved_cs_client      = @@character_set_client */ ;
/*!50003 SET @saved_cs_results     = @@character_set_results */ ;
/*!50003 SET @saved_col_connection = @@collation_connection */ ;
/*!50003 SET character_set_client  = utf8mb4 */ ;
/*!50003 SET character_set_results = utf8mb4 */ ;
/*!50003 SET collation_connection  = utf8mb4_0900_ai_ci */ ;
/*!50003 SET @saved_sql_mode       = @@sql_mode */ ;
/*!50003 SET sql_mode              = 'ONLY_FULL_GROUP_BY,STRICT_TRANS_TABLES,NO_ZERO_IN_DATE,NO_ZERO_DATE,ERROR_FOR_DIVISION_BY_ZERO,NO_ENGINE_SUBSTITUTION' */ ;
DELIMITER ;;
/*!50003 CREATE*/ /*!50017 DEFINER=root@localhost*/ /*!50003 TRIGGER tasks_AFTER_UPDATE AFTER UPDATE ON tasks FOR EACH ROW BEGIN
 IF NEW.TimeSuccess > NEW.TimeEnd THEN
        UPDATE tasks
        SET success = 2
        WHERE TaskId = NEW.TaskId;
    END IF;
END */;;
DELIMITER ;
/*!50003 SET sql_mode              = @saved_sql_mode */ ;
/*!50003 SET character_set_client  = @saved_cs_client */ ;
/*!50003 SET character_set_results = @saved_cs_results */ ;
/*!50003 SET collation_connection  = @saved_col_connection */ ;

--
-- Table structure for table `type_application`
--

DROP TABLE IF EXISTS type_application;
/*!40101 SET @saved_cs_client     = @@character_set_client */;
/*!50503 SET character_set_client = utf8mb4 */;
CREATE TABLE type_application (
  type_id int NOT NULL AUTO_INCREMENT,
  `name` varchar(255) NOT NULL,
  PRIMARY KEY (type_id)
) ENGINE=InnoDB AUTO_INCREMENT=7 DEFAULT CHARSET=utf8mb4 COLLATE=utf8mb4_0900_ai_ci;
/*!40101 SET character_set_client = @saved_cs_client */;

--
-- Dumping data for table `type_application`
--

LOCK TABLES type_application WRITE;
/*!40000 ALTER TABLE type_application DISABLE KEYS */;
INSERT INTO type_application VALUES (1,'Ngh php'),(2,'i mun'),(3,'V sm'),(4,'Cng tc'),(5,'Ngh bnh'),(6,'Ngh phc v dn s');
/*!40000 ALTER TABLE type_application ENABLE KEYS */;
UNLOCK TABLES;

--
-- Table structure for table `user_role`
--

DROP TABLE IF EXISTS user_role;
/*!40101 SET @saved_cs_client     = @@character_set_client */;
/*!50503 SET character_set_client = utf8mb4 */;
CREATE TABLE user_role (
  role_id int NOT NULL AUTO_INCREMENT,
  `name` varchar(20) NOT NULL,
  PRIMARY KEY (role_id)
) ENGINE=InnoDB AUTO_INCREMENT=4 DEFAULT CHARSET=utf8mb4 COLLATE=utf8mb4_0900_ai_ci;
/*!40101 SET character_set_client = @saved_cs_client */;

--
-- Dumping data for table `user_role`
--

LOCK TABLES user_role WRITE;
/*!40000 ALTER TABLE user_role DISABLE KEYS */;
INSERT INTO user_role VALUES (1,'admin'),(2,'user'),(3,'manager');
/*!40000 ALTER TABLE user_role ENABLE KEYS */;
UNLOCK TABLES;

--
-- Table structure for table `users`
--

DROP TABLE IF EXISTS users;
/*!40101 SET @saved_cs_client     = @@character_set_client */;
/*!50503 SET character_set_client = utf8mb4 */;
CREATE TABLE users (
  user_id int NOT NULL AUTO_INCREMENT,
  username varchar(20) NOT NULL,
  `password` varchar(128) NOT NULL,
  role_id int DEFAULT NULL,
  PRIMARY KEY (user_id),
  KEY role_id (role_id),
  CONSTRAINT users_ibfk_1 FOREIGN KEY (role_id) REFERENCES user_role (role_id)
) ENGINE=InnoDB AUTO_INCREMENT=25 DEFAULT CHARSET=utf8mb4 COLLATE=utf8mb4_0900_ai_ci;
/*!40101 SET character_set_client = @saved_cs_client */;

--
-- Dumping data for table `users`
--

LOCK TABLES users WRITE;
/*!40000 ALTER TABLE users DISABLE KEYS */;
INSERT INTO users VALUES (1,'admin','5291a0858dfafff116e37dea26d5bfaf',1),(2,'employee','5291a0858dfafff116e37dea26d5bfaf',2),(3,'manager','5291a0858dfafff116e37dea26d5bfaf',3),(4,'andt204','5291a0858dfafff116e37dea26d5bfaf',3),(5,'truongnn','5291a0858dfafff116e37dea26d5bfaf',3),(6,'vyntt','5291a0858dfafff116e37dea26d5bfaf',3),(7,'minhntb','5291a0858dfafff116e37dea26d5bfaf',3),(8,'tiennv','5291a0858dfafff116e37dea26d5bfaf',2),(9,'haipkh','5291a0858dfafff116e37dea26d5bfaf',2),(10,'nguyenpb','5291a0858dfafff116e37dea26d5bfaf',2),(11,'hieult','5291a0858dfafff116e37dea26d5bfaf',2),(12,'huynh','5291a0858dfafff116e37dea26d5bfaf',2),(13,'viettq','5291a0858dfafff116e37dea26d5bfaf',2),(14,'quannm','5291a0858dfafff116e37dea26d5bfaf',2),(15,'andd123','5291a0858dfafff116e37dea26d5bfaf',2),(16,'hanv123','5291a0858dfafff116e37dea26d5bfaf',2),(17,'quynhnt','5291a0858dfafff116e37dea26d5bfaf',2),(18,'tuannq','5291a0858dfafff116e37dea26d5bfaf',2),(19,'ninhntv','5291a0858dfafff116e37dea26d5bfaf',2),(20,'anhlh123','5291a0858dfafff116e37dea26d5bfaf',2),(21,'beubb','5291a0858dfafff116e37dea26d5bfaf',2),(22,'huanhh9','5291a0858dfafff116e37dea26d5bfaf',2),(23,'longnk','5291a0858dfafff116e37dea26d5bfaf',2),(24,'khanb93','5291a0858dfafff116e37dea26d5bfaf',2);
/*!40000 ALTER TABLE users ENABLE KEYS */;
UNLOCK TABLES;

--
-- Dumping events for database 'swp38'
--
/*!50106 SET @save_time_zone= @@TIME_ZONE */ ;
/*!50106 DROP EVENT IF EXISTS CheckAndUpdateManagerProjectSuccess */;
DELIMITER ;;
/*!50003 SET @saved_cs_client      = @@character_set_client */ ;;
/*!50003 SET @saved_cs_results     = @@character_set_results */ ;;
/*!50003 SET @saved_col_connection = @@collation_connection */ ;;
/*!50003 SET character_set_client  = utf8mb4 */ ;;
/*!50003 SET character_set_results = utf8mb4 */ ;;
/*!50003 SET collation_connection  = utf8mb4_0900_ai_ci */ ;;
/*!50003 SET @saved_sql_mode       = @@sql_mode */ ;;
/*!50003 SET sql_mode              = 'ONLY_FULL_GROUP_BY,STRICT_TRANS_TABLES,NO_ZERO_IN_DATE,NO_ZERO_DATE,ERROR_FOR_DIVISION_BY_ZERO,NO_ENGINE_SUBSTITUTION' */ ;;
/*!50003 SET @saved_time_zone      = @@time_zone */ ;;
/*!50003 SET time_zone             = 'SYSTEM' */ ;;
/*!50106 CREATE*/ /*!50117 DEFINER=root@localhost*/ /*!50106 EVENT CheckAndUpdateManagerProjectSuccess ON SCHEDULE EVERY 1 MINUTE STARTS '2024-03-11 13:28:29' ON COMPLETION NOT PRESERVE ENABLE DO BEGIN
    UPDATE managerproject mp
    JOIN (
        SELECT maid
        FROM tasks
        GROUP BY maid
        HAVING SUM(CASE WHEN success <> 3 THEN 1 ELSE 0 END) = 0
    ) t ON mp.maid = t.maid
    SET mp.success = 3;
END */ ;;
/*!50003 SET time_zone             = @saved_time_zone */ ;;
/*!50003 SET sql_mode              = @saved_sql_mode */ ;;
/*!50003 SET character_set_client  = @saved_cs_client */ ;;
/*!50003 SET character_set_results = @saved_cs_results */ ;;
/*!50003 SET collation_connection  = @saved_col_connection */ ;;
/*!50106 DROP EVENT IF EXISTS check_update_success */;;
DELIMITER ;;
/*!50003 SET @saved_cs_client      = @@character_set_client */ ;;
/*!50003 SET @saved_cs_results     = @@character_set_results */ ;;
/*!50003 SET @saved_col_connection = @@collation_connection */ ;;
/*!50003 SET character_set_client  = utf8mb4 */ ;;
/*!50003 SET character_set_results = utf8mb4 */ ;;
/*!50003 SET collation_connection  = utf8mb4_0900_ai_ci */ ;;
/*!50003 SET @saved_sql_mode       = @@sql_mode */ ;;
/*!50003 SET sql_mode              = 'ONLY_FULL_GROUP_BY,STRICT_TRANS_TABLES,NO_ZERO_IN_DATE,NO_ZERO_DATE,ERROR_FOR_DIVISION_BY_ZERO,NO_ENGINE_SUBSTITUTION' */ ;;
/*!50003 SET @saved_time_zone      = @@time_zone */ ;;
/*!50003 SET time_zone             = 'SYSTEM' */ ;;
/*!50106 CREATE*/ /*!50117 DEFINER=root@localhost*/ /*!50106 EVENT check_update_success ON SCHEDULE EVERY 1 MINUTE STARTS '2024-03-10 21:29:06' ON COMPLETION NOT PRESERVE ENABLE DO UPDATE tasks
  SET success = 2
  WHERE TimeSuccess IS NULL
    AND NOW() > CAST(TimeEnd AS DATETIME) */ ;;
/*!50003 SET time_zone             = @saved_time_zone */ ;;
/*!50003 SET sql_mode              = @saved_sql_mode */ ;;
/*!50003 SET character_set_client  = @saved_cs_client */ ;;
/*!50003 SET character_set_results = @saved_cs_results */ ;;
/*!50003 SET collation_connection  = @saved_col_connection */ ;;
DELIMITER ;
/*!50106 SET TIME_ZONE= @save_time_zone */ ;

--
-- Dumping routines for database 'swp38'
--
/*!50003 DROP PROCEDURE IF EXISTS generateDailyAttendance */;
/*!50003 SET @saved_cs_client      = @@character_set_client */ ;
/*!50003 SET @saved_cs_results     = @@character_set_results */ ;
/*!50003 SET @saved_col_connection = @@collation_connection */ ;
/*!50003 SET character_set_client  = utf8mb4 */ ;
/*!50003 SET character_set_results = utf8mb4 */ ;
/*!50003 SET collation_connection  = utf8mb4_0900_ai_ci */ ;
/*!50003 SET @saved_sql_mode       = @@sql_mode */ ;
/*!50003 SET sql_mode              = 'ONLY_FULL_GROUP_BY,STRICT_TRANS_TABLES,NO_ZERO_IN_DATE,NO_ZERO_DATE,ERROR_FOR_DIVISION_BY_ZERO,NO_ENGINE_SUBSTITUTION' */ ;
DELIMITER ;;
CREATE DEFINER=root@localhost PROCEDURE generateDailyAttendance()
BEGIN
    DECLARE done INT DEFAULT FALSE;
    DECLARE emp_id INT;
    DECLARE emp_image VARCHAR(128);
    DECLARE emp_department_id INT;
    DECLARE remain_id INT; -- Thm bin ny

    -- To mt cursor  ly employee_id v image t bng employee
    DECLARE emp_cursor CURSOR FOR SELECT employee_id, image FROM employee;
    DECLARE CONTINUE HANDLER FOR NOT FOUND SET done = TRUE;

    OPEN emp_cursor;

    read_loop: LOOP
        FETCH emp_cursor INTO emp_id, emp_image;
        IF done THEN
            LEAVE read_loop;
        END IF;

        -- Ly department_id ca nhn vin
        SELECT department_id INTO emp_department_id FROM employeedepartment WHERE employee_id = emp_id;

        -- Thay i phn ny  ly remainDay_id t bng remainday
        SELECT remainDay_id INTO remain_id FROM remainday WHERE employee_id = emp_id;

        -- Kim tra xem c bn ghi im danh cho nhn vin trong ngy hm nay cha
        IF NOT EXISTS (
            SELECT 1 FROM attendance WHERE employee_id = emp_id AND date = CURDATE()
        ) THEN
            -- Thm bn ghi im danh cho nhn vin nu cha tn ti
            INSERT INTO attendance (employee_id, image, remainDay_id, department_id, date, in_status, out_status, status)
            VALUES (emp_id, emp_image, remain_id, emp_department_id, CURDATE(), 'Not yet', 'Not yet', 'Absent');
        END IF;
    END LOOP;

    CLOSE emp_cursor;
END ;;
DELIMITER ;
/*!50003 SET sql_mode              = @saved_sql_mode */ ;
/*!50003 SET character_set_client  = @saved_cs_client */ ;
/*!50003 SET character_set_results = @saved_cs_results */ ;
/*!50003 SET collation_connection  = @saved_col_connection */ ;
/*!40103 SET TIME_ZONE=@OLD_TIME_ZONE */;

/*!40101 SET SQL_MODE=@OLD_SQL_MODE */;
/*!40014 SET FOREIGN_KEY_CHECKS=@OLD_FOREIGN_KEY_CHECKS */;
/*!40014 SET UNIQUE_CHECKS=@OLD_UNIQUE_CHECKS */;
/*!40101 SET CHARACTER_SET_CLIENT=@OLD_CHARACTER_SET_CLIENT */;
/*!40101 SET CHARACTER_SET_RESULTS=@OLD_CHARACTER_SET_RESULTS */;
/*!40101 SET COLLATION_CONNECTION=@OLD_COLLATION_CONNECTION */;
/*!40111 SET SQL_NOTES=@OLD_SQL_NOTES */;

-- Dump completed on 2024-03-29  1:08:18
